-26,46,YYF6qmggVDychsiCz6DJCuP+wGg=,EvN5cL0FJC4/QYtOqGJIg649sCI=
-27,46,YYF6qmggVDychsiCz6DJCuP+wGg=,EvN5cL0FJC4/QYtOqGJIg649sCI=
-31,42,YYF6qmggVDychsiCz6DJCuP+wGg=,EvN5cL0FJC4/QYtOqGJIg649sCI=
-28,46,YYF6qmggVDychsiCz6DJCuP+wGg=,EvN5cL0FJC4/QYtOqGJIg649sCI=
-29,46,YYF6qmggVDychsiCz6DJCuP+wGg=,EvN5cL0FJC4/QYtOqGJIg649sCI=
-30,46,YYF6qmggVDychsiCz6DJCuP+wGg=,EvN5cL0FJC4/QYtOqGJIg649sCI=
-26,45,YYF6qmggVDychsiCz6DJCuP+wGg=,EvN5cL0FJC4/QYtOqGJIg649sCI=
-31,46,YYF6qmggVDychsiCz6DJCuP+wGg=,EvN5cL0FJC4/QYtOqGJIg649sCI=
-28,45,YYF6qmggVDychsiCz6DJCuP+wGg=,EvN5cL0FJC4/QYtOqGJIg649sCI=
-27,45,YYF6qmggVDychsiCz6DJCuP+wGg=,EvN5cL0FJC4/QYtOqGJIg649sCI=
-29,45,YYF6qmggVDychsiCz6DJCuP+wGg=,EvN5cL0FJC4/QYtOqGJIg649sCI=
-30,45,YYF6qmggVDychsiCz6DJCuP+wGg=,EvN5cL0FJC4/QYtOqGJIg649sCI=
-31,45,YYF6qmggVDychsiCz6DJCuP+wGg=,EvN5cL0FJC4/QYtOqGJIg649sCI=
-26,44,YYF6qmggVDychsiCz6DJCuP+wGg=,EvN5cL0FJC4/QYtOqGJIg649sCI=
-27,44,YYF6qmggVDychsiCz6DJCuP+wGg=,EvN5cL0FJC4/QYtOqGJIg649sCI=
-28,44,YYF6qmggVDychsiCz6DJCuP+wGg=,EvN5cL0FJC4/QYtOqGJIg649sCI=
-29,44,YYF6qmggVDychsiCz6DJCuP+wGg=,EvN5cL0FJC4/QYtOqGJIg649sCI=
-30,44,YYF6qmggVDychsiCz6DJCuP+wGg=,EvN5cL0FJC4/QYtOqGJIg649sCI=
-31,44,YYF6qmggVDychsiCz6DJCuP+wGg=,EvN5cL0FJC4/QYtOqGJIg649sCI=
-31,43,YYF6qmggVDychsiCz6DJCuP+wGg=,EvN5cL0FJC4/QYtOqGJIg649sCI=
-30,43,YYF6qmggVDychsiCz6DJCuP+wGg=,EvN5cL0FJC4/QYtOqGJIg649sCI=
-18,42,w7JsBR3Dc6lopcblmascbNVK7fY=,FDNwV2DNXCBtX45sW0y/XtvX8AU=
-17,41,w7JsBR3Dc6lopcblmascbNVK7fY=,FDNwV2DNXCBtX45sW0y/XtvX8AU=
-17,46,w7JsBR3Dc6lopcblmascbNVK7fY=,FDNwV2DNXCBtX45sW0y/XtvX8AU=
-18,46,w7JsBR3Dc6lopcblmascbNVK7fY=,FDNwV2DNXCBtX45sW0y/XtvX8AU=
-19,46,w7JsBR3Dc6lopcblmascbNVK7fY=,FDNwV2DNXCBtX45sW0y/XtvX8AU=
-20,46,w7JsBR3Dc6lopcblmascbNVK7fY=,FDNwV2DNXCBtX45sW0y/XtvX8AU=
-21,46,w7JsBR3Dc6lopcblmascbNVK7fY=,FDNwV2DNXCBtX45sW0y/XtvX8AU=
-22,46,w7JsBR3Dc6lopcblmascbNVK7fY=,FDNwV2DNXCBtX45sW0y/XtvX8AU=
-23,46,+grK1ZcKv9SdgEBv2HxB3bPE3J8=,FDNwV2DNXCBtX45sW0y/XtvX8AU=
-24,46,+grK1ZcKv9SdgEBv2HxB3bPE3J8=,FDNwV2DNXCBtX45sW0y/XtvX8AU=
-18,45,+grK1ZcKv9SdgEBv2HxB3bPE3J8=,FDNwV2DNXCBtX45sW0y/XtvX8AU=
-19,45,+grK1ZcKv9SdgEBv2HxB3bPE3J8=,FDNwV2DNXCBtX45sW0y/XtvX8AU=
-17,45,+grK1ZcKv9SdgEBv2HxB3bPE3J8=,FDNwV2DNXCBtX45sW0y/XtvX8AU=
-20,45,+grK1ZcKv9SdgEBv2HxB3bPE3J8=,FDNwV2DNXCBtX45sW0y/XtvX8AU=
-22,45,+grK1ZcKv9SdgEBv2HxB3bPE3J8=,FDNwV2DNXCBtX45sW0y/XtvX8AU=
-25,46,+grK1ZcKv9SdgEBv2HxB3bPE3J8=,EvN5cL0FJC4/QYtOqGJIg649sCI=
-21,45,+grK1ZcKv9SdgEBv2HxB3bPE3J8=,FDNwV2DNXCBtX45sW0y/XtvX8AU=
-25,45,+grK1ZcKv9SdgEBv2HxB3bPE3J8=,EvN5cL0FJC4/QYtOqGJIg649sCI=
-23,45,+grK1ZcKv9SdgEBv2HxB3bPE3J8=,FDNwV2DNXCBtX45sW0y/XtvX8AU=
-24,45,+grK1ZcKv9SdgEBv2HxB3bPE3J8=,FDNwV2DNXCBtX45sW0y/XtvX8AU=
-19,44,+grK1ZcKv9SdgEBv2HxB3bPE3J8=,FDNwV2DNXCBtX45sW0y/XtvX8AU=
-17,44,+grK1ZcKv9SdgEBv2HxB3bPE3J8=,FDNwV2DNXCBtX45sW0y/XtvX8AU=
-20,44,+grK1ZcKv9SdgEBv2HxB3bPE3J8=,FDNwV2DNXCBtX45sW0y/XtvX8AU=
-21,44,+grK1ZcKv9SdgEBv2HxB3bPE3J8=,FDNwV2DNXCBtX45sW0y/XtvX8AU=
-22,44,+grK1ZcKv9SdgEBv2HxB3bPE3J8=,FDNwV2DNXCBtX45sW0y/XtvX8AU=
-18,44,+grK1ZcKv9SdgEBv2HxB3bPE3J8=,FDNwV2DNXCBtX45sW0y/XtvX8AU=
-24,44,+grK1ZcKv9SdgEBv2HxB3bPE3J8=,FDNwV2DNXCBtX45sW0y/XtvX8AU=
-17,43,+grK1ZcKv9SdgEBv2HxB3bPE3J8=,FDNwV2DNXCBtX45sW0y/XtvX8AU=
-23,44,+grK1ZcKv9SdgEBv2HxB3bPE3J8=,FDNwV2DNXCBtX45sW0y/XtvX8AU=
-18,43,+grK1ZcKv9SdgEBv2HxB3bPE3J8=,FDNwV2DNXCBtX45sW0y/XtvX8AU=
-25,43,+grK1ZcKv9SdgEBv2HxB3bPE3J8=,EvN5cL0FJC4/QYtOqGJIg649sCI=
-19,43,+grK1ZcKv9SdgEBv2HxB3bPE3J8=,FDNwV2DNXCBtX45sW0y/XtvX8AU=
-25,44,+grK1ZcKv9SdgEBv2HxB3bPE3J8=,EvN5cL0FJC4/QYtOqGJIg649sCI=
-17,42,+grK1ZcKv9SdgEBv2HxB3bPE3J8=,FDNwV2DNXCBtX45sW0y/XtvX8AU=
-18,47,+grK1ZcKv9SdgEBv2HxB3bPE3J8=,FDNwV2DNXCBtX45sW0y/XtvX8AU=
-19,47,+grK1ZcKv9SdgEBv2HxB3bPE3J8=,FDNwV2DNXCBtX45sW0y/XtvX8AU=
-20,47,+grK1ZcKv9SdgEBv2HxB3bPE3J8=,FDNwV2DNXCBtX45sW0y/XtvX8AU=
-23,47,3hP41vVnctgwALsuF9/V52X8hJg=,FDNwV2DNXCBtX45sW0y/XtvX8AU=
-22,47,3hP41vVnctgwALsuF9/V52X8hJg=,FDNwV2DNXCBtX45sW0y/XtvX8AU=
-21,47,3hP41vVnctgwALsuF9/V52X8hJg=,FDNwV2DNXCBtX45sW0y/XtvX8AU=
-32,33,7c4oeKoNuPHfkKqwWdRsJlCJ4nU=,qBOq78CMKCvhSTGFRVyavb+Idso=
-30,33,7c4oeKoNuPHfkKqwWdRsJlCJ4nU=,qBOq78CMKCvhSTGFRVyavb+Idso=
-31,33,7c4oeKoNuPHfkKqwWdRsJlCJ4nU=,qBOq78CMKCvhSTGFRVyavb+Idso=
-32,42,7c4oeKoNuPHfkKqwWdRsJlCJ4nU=,EvN5cL0FJC4/QYtOqGJIg649sCI=
-32,40,5Dg5AKw/AFwzipjAFEchflR/n/U=,EvN5cL0FJC4/QYtOqGJIg649sCI=
-32,43,5Dg5AKw/AFwzipjAFEchflR/n/U=,EvN5cL0FJC4/QYtOqGJIg649sCI=
-32,44,5Dg5AKw/AFwzipjAFEchflR/n/U=,EvN5cL0FJC4/QYtOqGJIg649sCI=
-32,41,5Dg5AKw/AFwzipjAFEchflR/n/U=,EvN5cL0FJC4/QYtOqGJIg649sCI=
-32,45,5Dg5AKw/AFwzipjAFEchflR/n/U=,EvN5cL0FJC4/QYtOqGJIg649sCI=
-32,46,5Dg5AKw/AFwzipjAFEchflR/n/U=,EvN5cL0FJC4/QYtOqGJIg649sCI=
-32,39,5Dg5AKw/AFwzipjAFEchflR/n/U=,qBOq78CMKCvhSTGFRVyavb+Idso=
-31,39,5Dg5AKw/AFwzipjAFEchflR/n/U=,qBOq78CMKCvhSTGFRVyavb+Idso=
-29,37,5Dg5AKw/AFwzipjAFEchflR/n/U=,qBOq78CMKCvhSTGFRVyavb+Idso=
-32,37,5Dg5AKw/AFwzipjAFEchflR/n/U=,qBOq78CMKCvhSTGFRVyavb+Idso=
-29,39,5Dg5AKw/AFwzipjAFEchflR/n/U=,qBOq78CMKCvhSTGFRVyavb+Idso=
-29,40,5Dg5AKw/AFwzipjAFEchflR/n/U=,EvN5cL0FJC4/QYtOqGJIg649sCI=
-30,39,5Dg5AKw/AFwzipjAFEchflR/n/U=,qBOq78CMKCvhSTGFRVyavb+Idso=
-29,41,5Dg5AKw/AFwzipjAFEchflR/n/U=,EvN5cL0FJC4/QYtOqGJIg649sCI=
-31,41,5Dg5AKw/AFwzipjAFEchflR/n/U=,EvN5cL0FJC4/QYtOqGJIg649sCI=
-29,43,5Dg5AKw/AFwzipjAFEchflR/n/U=,EvN5cL0FJC4/QYtOqGJIg649sCI=
-32,36,5Dg5AKw/AFwzipjAFEchflR/n/U=,qBOq78CMKCvhSTGFRVyavb+Idso=
-30,41,5Dg5AKw/AFwzipjAFEchflR/n/U=,EvN5cL0FJC4/QYtOqGJIg649sCI=
-32,38,5Dg5AKw/AFwzipjAFEchflR/n/U=,qBOq78CMKCvhSTGFRVyavb+Idso=
-30,42,5Dg5AKw/AFwzipjAFEchflR/n/U=,EvN5cL0FJC4/QYtOqGJIg649sCI=
-29,42,5Dg5AKw/AFwzipjAFEchflR/n/U=,EvN5cL0FJC4/QYtOqGJIg649sCI=
-30,37,5Dg5AKw/AFwzipjAFEchflR/n/U=,qBOq78CMKCvhSTGFRVyavb+Idso=
-31,40,5Dg5AKw/AFwzipjAFEchflR/n/U=,EvN5cL0FJC4/QYtOqGJIg649sCI=
-30,40,5Dg5AKw/AFwzipjAFEchflR/n/U=,EvN5cL0FJC4/QYtOqGJIg649sCI=
-31,38,5Dg5AKw/AFwzipjAFEchflR/n/U=,qBOq78CMKCvhSTGFRVyavb+Idso=
-30,32,5Dg5AKw/AFwzipjAFEchflR/n/U=,qBOq78CMKCvhSTGFRVyavb+Idso=
-31,32,5Dg5AKw/AFwzipjAFEchflR/n/U=,qBOq78CMKCvhSTGFRVyavb+Idso=
-32,32,5Dg5AKw/AFwzipjAFEchflR/n/U=,qBOq78CMKCvhSTGFRVyavb+Idso=
-30,36,5Dg5AKw/AFwzipjAFEchflR/n/U=,qBOq78CMKCvhSTGFRVyavb+Idso=
-17,47,5Dg5AKw/AFwzipjAFEchflR/n/U=,FDNwV2DNXCBtX45sW0y/XtvX8AU=
-31,47,5Dg5AKw/AFwzipjAFEchflR/n/U=,EvN5cL0FJC4/QYtOqGJIg649sCI=
-30,47,5Dg5AKw/AFwzipjAFEchflR/n/U=,EvN5cL0FJC4/QYtOqGJIg649sCI=
-29,47,5Dg5AKw/AFwzipjAFEchflR/n/U=,EvN5cL0FJC4/QYtOqGJIg649sCI=
-28,47,5Dg5AKw/AFwzipjAFEchflR/n/U=,EvN5cL0FJC4/QYtOqGJIg649sCI=
-27,47,5Dg5AKw/AFwzipjAFEchflR/n/U=,EvN5cL0FJC4/QYtOqGJIg649sCI=
-26,47,5Dg5AKw/AFwzipjAFEchflR/n/U=,EvN5cL0FJC4/QYtOqGJIg649sCI=
-25,47,5Dg5AKw/AFwzipjAFEchflR/n/U=,EvN5cL0FJC4/QYtOqGJIg649sCI=
-24,47,5Dg5AKw/AFwzipjAFEchflR/n/U=,FDNwV2DNXCBtX45sW0y/XtvX8AU=
-32,47,xrmmsbBiIU0TGFiCHpsHat9L1a4=,EvN5cL0FJC4/QYtOqGJIg649sCI=
-31,36,xrmmsbBiIU0TGFiCHpsHat9L1a4=,qBOq78CMKCvhSTGFRVyavb+Idso=
-30,38,xrmmsbBiIU0TGFiCHpsHat9L1a4=,qBOq78CMKCvhSTGFRVyavb+Idso=
-29,36,Db8rVkFLGMUjMlJNn7XG5AoCgLo=,qBOq78CMKCvhSTGFRVyavb+Idso=
-29,32,Db8rVkFLGMUjMlJNn7XG5AoCgLo=,qBOq78CMKCvhSTGFRVyavb+Idso=
-31,37,Db8rVkFLGMUjMlJNn7XG5AoCgLo=,qBOq78CMKCvhSTGFRVyavb+Idso=
-32,34,Db8rVkFLGMUjMlJNn7XG5AoCgLo=,qBOq78CMKCvhSTGFRVyavb+Idso=
-29,38,Q2hKWXTuefHX4lARnFAUqYfn16E=,qBOq78CMKCvhSTGFRVyavb+Idso=
-31,34,Q2hKWXTuefHX4lARnFAUqYfn16E=,qBOq78CMKCvhSTGFRVyavb+Idso=
-29,34,Q2hKWXTuefHX4lARnFAUqYfn16E=,qBOq78CMKCvhSTGFRVyavb+Idso=
-29,33,Q2hKWXTuefHX4lARnFAUqYfn16E=,qBOq78CMKCvhSTGFRVyavb+Idso=
-30,34,wZ4jRmBGoiPonlyZmIpSWfpIjw8=,qBOq78CMKCvhSTGFRVyavb+Idso=
-32,35,4PRDJXZ3mxdPQvoUthHEyY/V8zA=,qBOq78CMKCvhSTGFRVyavb+Idso=
-30,35,4PRDJXZ3mxdPQvoUthHEyY/V8zA=,qBOq78CMKCvhSTGFRVyavb+Idso=
-29,35,4PRDJXZ3mxdPQvoUthHEyY/V8zA=,qBOq78CMKCvhSTGFRVyavb+Idso=
-31,35,4PRDJXZ3mxdPQvoUthHEyY/V8zA=,qBOq78CMKCvhSTGFRVyavb+Idso=
-25,36,4PRDJXZ3mxdPQvoUthHEyY/V8zA=,qBOq78CMKCvhSTGFRVyavb+Idso=
-19,36,4PRDJXZ3mxdPQvoUthHEyY/V8zA=,wyjTFtz2m+dWt3hL0CuVCH0Vufc=
-22,40,4PRDJXZ3mxdPQvoUthHEyY/V8zA=,FDNwV2DNXCBtX45sW0y/XtvX8AU=
-17,36,4PRDJXZ3mxdPQvoUthHEyY/V8zA=,wyjTFtz2m+dWt3hL0CuVCH0Vufc=
-20,36,gnI+u/Uwpiu8K1OR/tf/QYojzyk=,wyjTFtz2m+dWt3hL0CuVCH0Vufc=
-26,43,gnI+u/Uwpiu8K1OR/tf/QYojzyk=,EvN5cL0FJC4/QYtOqGJIg649sCI=
-21,36,gnI+u/Uwpiu8K1OR/tf/QYojzyk=,wyjTFtz2m+dWt3hL0CuVCH0Vufc=
-25,35,gnI+u/Uwpiu8K1OR/tf/QYojzyk=,qBOq78CMKCvhSTGFRVyavb+Idso=
-24,40,gnI+u/Uwpiu8K1OR/tf/QYojzyk=,FDNwV2DNXCBtX45sW0y/XtvX8AU=
-22,36,gnI+u/Uwpiu8K1OR/tf/QYojzyk=,wyjTFtz2m+dWt3hL0CuVCH0Vufc=
-24,36,gnI+u/Uwpiu8K1OR/tf/QYojzyk=,wyjTFtz2m+dWt3hL0CuVCH0Vufc=
-23,40,gnI+u/Uwpiu8K1OR/tf/QYojzyk=,FDNwV2DNXCBtX45sW0y/XtvX8AU=
-27,41,gnI+u/Uwpiu8K1OR/tf/QYojzyk=,EvN5cL0FJC4/QYtOqGJIg649sCI=
-23,36,y0IP1Xi0B3MHtYyF9BA7CF8nmAw=,wyjTFtz2m+dWt3hL0CuVCH0Vufc=
-20,34,y0IP1Xi0B3MHtYyF9BA7CF8nmAw=,wyjTFtz2m+dWt3hL0CuVCH0Vufc=
-26,41,y0IP1Xi0B3MHtYyF9BA7CF8nmAw=,EvN5cL0FJC4/QYtOqGJIg649sCI=
-21,40,y0IP1Xi0B3MHtYyF9BA7CF8nmAw=,FDNwV2DNXCBtX45sW0y/XtvX8AU=
-21,34,y0IP1Xi0B3MHtYyF9BA7CF8nmAw=,wyjTFtz2m+dWt3hL0CuVCH0Vufc=
-17,35,y0IP1Xi0B3MHtYyF9BA7CF8nmAw=,wyjTFtz2m+dWt3hL0CuVCH0Vufc=
-28,41,y0IP1Xi0B3MHtYyF9BA7CF8nmAw=,EvN5cL0FJC4/QYtOqGJIg649sCI=
-18,36,y0IP1Xi0B3MHtYyF9BA7CF8nmAw=,wyjTFtz2m+dWt3hL0CuVCH0Vufc=
-27,43,y0IP1Xi0B3MHtYyF9BA7CF8nmAw=,EvN5cL0FJC4/QYtOqGJIg649sCI=
-24,37,cC4S7P6IvSJnub8HaF8BAKL6ClI=,wyjTFtz2m+dWt3hL0CuVCH0Vufc=
-18,35,cC4S7P6IvSJnub8HaF8BAKL6ClI=,wyjTFtz2m+dWt3hL0CuVCH0Vufc=
-19,34,cC4S7P6IvSJnub8HaF8BAKL6ClI=,wyjTFtz2m+dWt3hL0CuVCH0Vufc=
-19,35,cC4S7P6IvSJnub8HaF8BAKL6ClI=,wyjTFtz2m+dWt3hL0CuVCH0Vufc=
-20,35,cC4S7P6IvSJnub8HaF8BAKL6ClI=,wyjTFtz2m+dWt3hL0CuVCH0Vufc=
-23,34,cC4S7P6IvSJnub8HaF8BAKL6ClI=,wyjTFtz2m+dWt3hL0CuVCH0Vufc=
-22,34,cC4S7P6IvSJnub8HaF8BAKL6ClI=,wyjTFtz2m+dWt3hL0CuVCH0Vufc=
-21,35,cC4S7P6IvSJnub8HaF8BAKL6ClI=,wyjTFtz2m+dWt3hL0CuVCH0Vufc=
-23,37,cC4S7P6IvSJnub8HaF8BAKL6ClI=,wyjTFtz2m+dWt3hL0CuVCH0Vufc=
-28,43,cC4S7P6IvSJnub8HaF8BAKL6ClI=,EvN5cL0FJC4/QYtOqGJIg649sCI=
-22,35,cC4S7P6IvSJnub8HaF8BAKL6ClI=,wyjTFtz2m+dWt3hL0CuVCH0Vufc=
-23,35,cC4S7P6IvSJnub8HaF8BAKL6ClI=,wyjTFtz2m+dWt3hL0CuVCH0Vufc=
-26,42,cC4S7P6IvSJnub8HaF8BAKL6ClI=,EvN5cL0FJC4/QYtOqGJIg649sCI=
-22,37,cC4S7P6IvSJnub8HaF8BAKL6ClI=,wyjTFtz2m+dWt3hL0CuVCH0Vufc=
-25,32,cC4S7P6IvSJnub8HaF8BAKL6ClI=,qBOq78CMKCvhSTGFRVyavb+Idso=
-24,35,cC4S7P6IvSJnub8HaF8BAKL6ClI=,wyjTFtz2m+dWt3hL0CuVCH0Vufc=
-27,42,cC4S7P6IvSJnub8HaF8BAKL6ClI=,EvN5cL0FJC4/QYtOqGJIg649sCI=
-18,34,cC4S7P6IvSJnub8HaF8BAKL6ClI=,wyjTFtz2m+dWt3hL0CuVCH0Vufc=
-20,42,cC4S7P6IvSJnub8HaF8BAKL6ClI=,FDNwV2DNXCBtX45sW0y/XtvX8AU=
-19,42,cC4S7P6IvSJnub8HaF8BAKL6ClI=,FDNwV2DNXCBtX45sW0y/XtvX8AU=
-21,42,cC4S7P6IvSJnub8HaF8BAKL6ClI=,FDNwV2DNXCBtX45sW0y/XtvX8AU=
-28,42,cC4S7P6IvSJnub8HaF8BAKL6ClI=,EvN5cL0FJC4/QYtOqGJIg649sCI=
-25,41,cC4S7P6IvSJnub8HaF8BAKL6ClI=,EvN5cL0FJC4/QYtOqGJIg649sCI=
-22,42,cC4S7P6IvSJnub8HaF8BAKL6ClI=,FDNwV2DNXCBtX45sW0y/XtvX8AU=
-17,34,cC4S7P6IvSJnub8HaF8BAKL6ClI=,wyjTFtz2m+dWt3hL0CuVCH0Vufc=
-24,34,cC4S7P6IvSJnub8HaF8BAKL6ClI=,wyjTFtz2m+dWt3hL0CuVCH0Vufc=
-19,41,cC4S7P6IvSJnub8HaF8BAKL6ClI=,FDNwV2DNXCBtX45sW0y/XtvX8AU=
-18,41,cC4S7P6IvSJnub8HaF8BAKL6ClI=,FDNwV2DNXCBtX45sW0y/XtvX8AU=
-23,42,cC4S7P6IvSJnub8HaF8BAKL6ClI=,FDNwV2DNXCBtX45sW0y/XtvX8AU=
-20,41,cC4S7P6IvSJnub8HaF8BAKL6ClI=,FDNwV2DNXCBtX45sW0y/XtvX8AU=
-20,43,cC4S7P6IvSJnub8HaF8BAKL6ClI=,FDNwV2DNXCBtX45sW0y/XtvX8AU=
-24,43,cC4S7P6IvSJnub8HaF8BAKL6ClI=,FDNwV2DNXCBtX45sW0y/XtvX8AU=
-23,43,cC4S7P6IvSJnub8HaF8BAKL6ClI=,FDNwV2DNXCBtX45sW0y/XtvX8AU=
-24,42,cC4S7P6IvSJnub8HaF8BAKL6ClI=,FDNwV2DNXCBtX45sW0y/XtvX8AU=
-20,40,cC4S7P6IvSJnub8HaF8BAKL6ClI=,FDNwV2DNXCBtX45sW0y/XtvX8AU=
-22,43,cC4S7P6IvSJnub8HaF8BAKL6ClI=,FDNwV2DNXCBtX45sW0y/XtvX8AU=
-21,43,cC4S7P6IvSJnub8HaF8BAKL6ClI=,FDNwV2DNXCBtX45sW0y/XtvX8AU=
-24,41,cC4S7P6IvSJnub8HaF8BAKL6ClI=,FDNwV2DNXCBtX45sW0y/XtvX8AU=
-21,41,cC4S7P6IvSJnub8HaF8BAKL6ClI=,FDNwV2DNXCBtX45sW0y/XtvX8AU=
-25,42,cC4S7P6IvSJnub8HaF8BAKL6ClI=,EvN5cL0FJC4/QYtOqGJIg649sCI=
-23,41,cC4S7P6IvSJnub8HaF8BAKL6ClI=,FDNwV2DNXCBtX45sW0y/XtvX8AU=
-28,33,cC4S7P6IvSJnub8HaF8BAKL6ClI=,qBOq78CMKCvhSTGFRVyavb+Idso=
-20,37,cC4S7P6IvSJnub8HaF8BAKL6ClI=,wyjTFtz2m+dWt3hL0CuVCH0Vufc=
-26,36,cC4S7P6IvSJnub8HaF8BAKL6ClI=,qBOq78CMKCvhSTGFRVyavb+Idso=
-22,41,cC4S7P6IvSJnub8HaF8BAKL6ClI=,FDNwV2DNXCBtX45sW0y/XtvX8AU=
-26,35,cC4S7P6IvSJnub8HaF8BAKL6ClI=,qBOq78CMKCvhSTGFRVyavb+Idso=
-28,39,cC4S7P6IvSJnub8HaF8BAKL6ClI=,qBOq78CMKCvhSTGFRVyavb+Idso=
-28,35,cC4S7P6IvSJnub8HaF8BAKL6ClI=,qBOq78CMKCvhSTGFRVyavb+Idso=
-19,40,cC4S7P6IvSJnub8HaF8BAKL6ClI=,FDNwV2DNXCBtX45sW0y/XtvX8AU=
-17,39,cC4S7P6IvSJnub8HaF8BAKL6ClI=,wyjTFtz2m+dWt3hL0CuVCH0Vufc=
-27,33,cC4S7P6IvSJnub8HaF8BAKL6ClI=,qBOq78CMKCvhSTGFRVyavb+Idso=
-21,37,cC4S7P6IvSJnub8HaF8BAKL6ClI=,wyjTFtz2m+dWt3hL0CuVCH0Vufc=
-28,40,cC4S7P6IvSJnub8HaF8BAKL6ClI=,EvN5cL0FJC4/QYtOqGJIg649sCI=
-27,35,cC4S7P6IvSJnub8HaF8BAKL6ClI=,qBOq78CMKCvhSTGFRVyavb+Idso=
-17,40,cC4S7P6IvSJnub8HaF8BAKL6ClI=,FDNwV2DNXCBtX45sW0y/XtvX8AU=
-19,37,cC4S7P6IvSJnub8HaF8BAKL6ClI=,wyjTFtz2m+dWt3hL0CuVCH0Vufc=
-18,39,cC4S7P6IvSJnub8HaF8BAKL6ClI=,wyjTFtz2m+dWt3hL0CuVCH0Vufc=
-18,37,cC4S7P6IvSJnub8HaF8BAKL6ClI=,wyjTFtz2m+dWt3hL0CuVCH0Vufc=
-18,40,cC4S7P6IvSJnub8HaF8BAKL6ClI=,FDNwV2DNXCBtX45sW0y/XtvX8AU=
-17,37,cC4S7P6IvSJnub8HaF8BAKL6ClI=,wyjTFtz2m+dWt3hL0CuVCH0Vufc=
-25,38,cC4S7P6IvSJnub8HaF8BAKL6ClI=,qBOq78CMKCvhSTGFRVyavb+Idso=
-25,34,cC4S7P6IvSJnub8HaF8BAKL6ClI=,qBOq78CMKCvhSTGFRVyavb+Idso=
-25,39,cC4S7P6IvSJnub8HaF8BAKL6ClI=,qBOq78CMKCvhSTGFRVyavb+Idso=
-23,32,cC4S7P6IvSJnub8HaF8BAKL6ClI=,wyjTFtz2m+dWt3hL0CuVCH0Vufc=
-24,38,cC4S7P6IvSJnub8HaF8BAKL6ClI=,wyjTFtz2m+dWt3hL0CuVCH0Vufc=
-24,32,cC4S7P6IvSJnub8HaF8BAKL6ClI=,wyjTFtz2m+dWt3hL0CuVCH0Vufc=
-23,38,cC4S7P6IvSJnub8HaF8BAKL6ClI=,wyjTFtz2m+dWt3hL0CuVCH0Vufc=
-22,32,cC4S7P6IvSJnub8HaF8BAKL6ClI=,wyjTFtz2m+dWt3hL0CuVCH0Vufc=
-21,32,cC4S7P6IvSJnub8HaF8BAKL6ClI=,wyjTFtz2m+dWt3hL0CuVCH0Vufc=
-20,38,cC4S7P6IvSJnub8HaF8BAKL6ClI=,wyjTFtz2m+dWt3hL0CuVCH0Vufc=
-18,33,cC4S7P6IvSJnub8HaF8BAKL6ClI=,wyjTFtz2m+dWt3hL0CuVCH0Vufc=
-20,32,cC4S7P6IvSJnub8HaF8BAKL6ClI=,wyjTFtz2m+dWt3hL0CuVCH0Vufc=
-22,38,cC4S7P6IvSJnub8HaF8BAKL6ClI=,wyjTFtz2m+dWt3hL0CuVCH0Vufc=
-19,39,cC4S7P6IvSJnub8HaF8BAKL6ClI=,wyjTFtz2m+dWt3hL0CuVCH0Vufc=
-20,39,cC4S7P6IvSJnub8HaF8BAKL6ClI=,wyjTFtz2m+dWt3hL0CuVCH0Vufc=
-25,37,cC4S7P6IvSJnub8HaF8BAKL6ClI=,qBOq78CMKCvhSTGFRVyavb+Idso=
-21,38,cC4S7P6IvSJnub8HaF8BAKL6ClI=,wyjTFtz2m+dWt3hL0CuVCH0Vufc=
-19,33,cC4S7P6IvSJnub8HaF8BAKL6ClI=,wyjTFtz2m+dWt3hL0CuVCH0Vufc=
-18,38,cC4S7P6IvSJnub8HaF8BAKL6ClI=,wyjTFtz2m+dWt3hL0CuVCH0Vufc=
-18,32,cC4S7P6IvSJnub8HaF8BAKL6ClI=,wyjTFtz2m+dWt3hL0CuVCH0Vufc=
-19,38,cC4S7P6IvSJnub8HaF8BAKL6ClI=,wyjTFtz2m+dWt3hL0CuVCH0Vufc=
-17,38,cC4S7P6IvSJnub8HaF8BAKL6ClI=,wyjTFtz2m+dWt3hL0CuVCH0Vufc=
-22,39,cC4S7P6IvSJnub8HaF8BAKL6ClI=,wyjTFtz2m+dWt3hL0CuVCH0Vufc=
-20,33,cC4S7P6IvSJnub8HaF8BAKL6ClI=,wyjTFtz2m+dWt3hL0CuVCH0Vufc=
-25,33,cC4S7P6IvSJnub8HaF8BAKL6ClI=,qBOq78CMKCvhSTGFRVyavb+Idso=
-17,33,cC4S7P6IvSJnub8HaF8BAKL6ClI=,wyjTFtz2m+dWt3hL0CuVCH0Vufc=
-23,33,cC4S7P6IvSJnub8HaF8BAKL6ClI=,wyjTFtz2m+dWt3hL0CuVCH0Vufc=
-25,40,cC4S7P6IvSJnub8HaF8BAKL6ClI=,EvN5cL0FJC4/QYtOqGJIg649sCI=
-21,33,cC4S7P6IvSJnub8HaF8BAKL6ClI=,wyjTFtz2m+dWt3hL0CuVCH0Vufc=
-19,32,cC4S7P6IvSJnub8HaF8BAKL6ClI=,wyjTFtz2m+dWt3hL0CuVCH0Vufc=
-26,37,cC4S7P6IvSJnub8HaF8BAKL6ClI=,qBOq78CMKCvhSTGFRVyavb+Idso=
-21,39,cC4S7P6IvSJnub8HaF8BAKL6ClI=,wyjTFtz2m+dWt3hL0CuVCH0Vufc=
-27,37,cC4S7P6IvSJnub8HaF8BAKL6ClI=,qBOq78CMKCvhSTGFRVyavb+Idso=
-28,32,cC4S7P6IvSJnub8HaF8BAKL6ClI=,qBOq78CMKCvhSTGFRVyavb+Idso=
-24,33,cC4S7P6IvSJnub8HaF8BAKL6ClI=,wyjTFtz2m+dWt3hL0CuVCH0Vufc=
-24,39,cC4S7P6IvSJnub8HaF8BAKL6ClI=,wyjTFtz2m+dWt3hL0CuVCH0Vufc=
-26,40,cC4S7P6IvSJnub8HaF8BAKL6ClI=,EvN5cL0FJC4/QYtOqGJIg649sCI=
-26,33,cC4S7P6IvSJnub8HaF8BAKL6ClI=,qBOq78CMKCvhSTGFRVyavb+Idso=
-23,39,cC4S7P6IvSJnub8HaF8BAKL6ClI=,wyjTFtz2m+dWt3hL0CuVCH0Vufc=
-22,33,cC4S7P6IvSJnub8HaF8BAKL6ClI=,wyjTFtz2m+dWt3hL0CuVCH0Vufc=
-26,32,cC4S7P6IvSJnub8HaF8BAKL6ClI=,qBOq78CMKCvhSTGFRVyavb+Idso=
-26,38,cC4S7P6IvSJnub8HaF8BAKL6ClI=,qBOq78CMKCvhSTGFRVyavb+Idso=
-26,39,cC4S7P6IvSJnub8HaF8BAKL6ClI=,qBOq78CMKCvhSTGFRVyavb+Idso=
-27,34,cC4S7P6IvSJnub8HaF8BAKL6ClI=,qBOq78CMKCvhSTGFRVyavb+Idso=
-27,32,cC4S7P6IvSJnub8HaF8BAKL6ClI=,qBOq78CMKCvhSTGFRVyavb+Idso=
-27,38,cC4S7P6IvSJnub8HaF8BAKL6ClI=,qBOq78CMKCvhSTGFRVyavb+Idso=
-28,34,cC4S7P6IvSJnub8HaF8BAKL6ClI=,qBOq78CMKCvhSTGFRVyavb+Idso=
-17,32,cC4S7P6IvSJnub8HaF8BAKL6ClI=,wyjTFtz2m+dWt3hL0CuVCH0Vufc=
-27,40,cC4S7P6IvSJnub8HaF8BAKL6ClI=,EvN5cL0FJC4/QYtOqGJIg649sCI=
-26,34,cC4S7P6IvSJnub8HaF8BAKL6ClI=,qBOq78CMKCvhSTGFRVyavb+Idso=
-28,37,cC4S7P6IvSJnub8HaF8BAKL6ClI=,qBOq78CMKCvhSTGFRVyavb+Idso=
-27,36,cC4S7P6IvSJnub8HaF8BAKL6ClI=,qBOq78CMKCvhSTGFRVyavb+Idso=
-28,38,cC4S7P6IvSJnub8HaF8BAKL6ClI=,qBOq78CMKCvhSTGFRVyavb+Idso=
-28,36,cC4S7P6IvSJnub8HaF8BAKL6ClI=,qBOq78CMKCvhSTGFRVyavb+Idso=
-27,39,cC4S7P6IvSJnub8HaF8BAKL6ClI=,qBOq78CMKCvhSTGFRVyavb+Idso=
-2,41,wWd+TjH5ExGQR8u/qbg8rdqmrbo=,xFdPqYktCExkZoplOjwLhtus6ts=
-8,42,wWd+TjH5ExGQR8u/qbg8rdqmrbo=,xFdPqYktCExkZoplOjwLhtus6ts=
-3,41,wWd+TjH5ExGQR8u/qbg8rdqmrbo=,xFdPqYktCExkZoplOjwLhtus6ts=
-5,41,wWd+TjH5ExGQR8u/qbg8rdqmrbo=,xFdPqYktCExkZoplOjwLhtus6ts=
-4,41,wWd+TjH5ExGQR8u/qbg8rdqmrbo=,xFdPqYktCExkZoplOjwLhtus6ts=
-7,41,fVE5vQ7shsnP74LsHO91Yd/1ovc=,xFdPqYktCExkZoplOjwLhtus6ts=
-6,41,fVE5vQ7shsnP74LsHO91Yd/1ovc=,xFdPqYktCExkZoplOjwLhtus6ts=
-2,46,fVE5vQ7shsnP74LsHO91Yd/1ovc=,xFdPqYktCExkZoplOjwLhtus6ts=
-3,46,fVE5vQ7shsnP74LsHO91Yd/1ovc=,xFdPqYktCExkZoplOjwLhtus6ts=
-4,46,fVE5vQ7shsnP74LsHO91Yd/1ovc=,xFdPqYktCExkZoplOjwLhtus6ts=
-8,41,fVE5vQ7shsnP74LsHO91Yd/1ovc=,xFdPqYktCExkZoplOjwLhtus6ts=
-8,46,fVE5vQ7shsnP74LsHO91Yd/1ovc=,xFdPqYktCExkZoplOjwLhtus6ts=
-2,45,fVE5vQ7shsnP74LsHO91Yd/1ovc=,xFdPqYktCExkZoplOjwLhtus6ts=
-5,46,fVE5vQ7shsnP74LsHO91Yd/1ovc=,xFdPqYktCExkZoplOjwLhtus6ts=
-7,46,fVE5vQ7shsnP74LsHO91Yd/1ovc=,xFdPqYktCExkZoplOjwLhtus6ts=
-3,45,fVE5vQ7shsnP74LsHO91Yd/1ovc=,xFdPqYktCExkZoplOjwLhtus6ts=
-6,46,fVE5vQ7shsnP74LsHO91Yd/1ovc=,xFdPqYktCExkZoplOjwLhtus6ts=
-6,45,fVE5vQ7shsnP74LsHO91Yd/1ovc=,xFdPqYktCExkZoplOjwLhtus6ts=
-4,45,fVE5vQ7shsnP74LsHO91Yd/1ovc=,xFdPqYktCExkZoplOjwLhtus6ts=
-7,45,fVE5vQ7shsnP74LsHO91Yd/1ovc=,xFdPqYktCExkZoplOjwLhtus6ts=
-8,45,fVE5vQ7shsnP74LsHO91Yd/1ovc=,xFdPqYktCExkZoplOjwLhtus6ts=
-4,44,fVE5vQ7shsnP74LsHO91Yd/1ovc=,xFdPqYktCExkZoplOjwLhtus6ts=
-2,44,fVE5vQ7shsnP74LsHO91Yd/1ovc=,xFdPqYktCExkZoplOjwLhtus6ts=
-5,45,fVE5vQ7shsnP74LsHO91Yd/1ovc=,xFdPqYktCExkZoplOjwLhtus6ts=
-5,44,gTD1lfRaOocGuPD+BDlUjMR6pl0=,xFdPqYktCExkZoplOjwLhtus6ts=
-6,44,gTD1lfRaOocGuPD+BDlUjMR6pl0=,xFdPqYktCExkZoplOjwLhtus6ts=
-7,44,gTD1lfRaOocGuPD+BDlUjMR6pl0=,xFdPqYktCExkZoplOjwLhtus6ts=
-3,44,gTD1lfRaOocGuPD+BDlUjMR6pl0=,xFdPqYktCExkZoplOjwLhtus6ts=
-2,43,gTD1lfRaOocGuPD+BDlUjMR6pl0=,xFdPqYktCExkZoplOjwLhtus6ts=
-3,43,gTD1lfRaOocGuPD+BDlUjMR6pl0=,xFdPqYktCExkZoplOjwLhtus6ts=
-5,43,gTD1lfRaOocGuPD+BDlUjMR6pl0=,xFdPqYktCExkZoplOjwLhtus6ts=
-4,43,gTD1lfRaOocGuPD+BDlUjMR6pl0=,xFdPqYktCExkZoplOjwLhtus6ts=
-7,43,gTD1lfRaOocGuPD+BDlUjMR6pl0=,xFdPqYktCExkZoplOjwLhtus6ts=
-8,44,gTD1lfRaOocGuPD+BDlUjMR6pl0=,xFdPqYktCExkZoplOjwLhtus6ts=
-8,43,gTD1lfRaOocGuPD+BDlUjMR6pl0=,xFdPqYktCExkZoplOjwLhtus6ts=
-3,42,gTD1lfRaOocGuPD+BDlUjMR6pl0=,xFdPqYktCExkZoplOjwLhtus6ts=
-4,42,gTD1lfRaOocGuPD+BDlUjMR6pl0=,xFdPqYktCExkZoplOjwLhtus6ts=
-6,43,gTD1lfRaOocGuPD+BDlUjMR6pl0=,xFdPqYktCExkZoplOjwLhtus6ts=
-5,42,gTD1lfRaOocGuPD+BDlUjMR6pl0=,xFdPqYktCExkZoplOjwLhtus6ts=
-7,42,gTD1lfRaOocGuPD+BDlUjMR6pl0=,xFdPqYktCExkZoplOjwLhtus6ts=
-6,42,gTD1lfRaOocGuPD+BDlUjMR6pl0=,xFdPqYktCExkZoplOjwLhtus6ts=
-4,33,gTD1lfRaOocGuPD+BDlUjMR6pl0=,u8cyjgspZBeWMVU7hpzI4PsYgn8=
-3,33,gTD1lfRaOocGuPD+BDlUjMR6pl0=,u8cyjgspZBeWMVU7hpzI4PsYgn8=
-2,33,gTD1lfRaOocGuPD+BDlUjMR6pl0=,u8cyjgspZBeWMVU7hpzI4PsYgn8=
-7,34,gTD1lfRaOocGuPD+BDlUjMR6pl0=,u8cyjgspZBeWMVU7hpzI4PsYgn8=
-6,34,gTD1lfRaOocGuPD+BDlUjMR6pl0=,u8cyjgspZBeWMVU7hpzI4PsYgn8=
-5,34,gTD1lfRaOocGuPD+BDlUjMR6pl0=,u8cyjgspZBeWMVU7hpzI4PsYgn8=
-4,34,gTD1lfRaOocGuPD+BDlUjMR6pl0=,u8cyjgspZBeWMVU7hpzI4PsYgn8=
-3,34,gTD1lfRaOocGuPD+BDlUjMR6pl0=,u8cyjgspZBeWMVU7hpzI4PsYgn8=
-2,34,gTD1lfRaOocGuPD+BDlUjMR6pl0=,u8cyjgspZBeWMVU7hpzI4PsYgn8=
-7,35,gTD1lfRaOocGuPD+BDlUjMR6pl0=,u8cyjgspZBeWMVU7hpzI4PsYgn8=
-6,35,gTD1lfRaOocGuPD+BDlUjMR6pl0=,u8cyjgspZBeWMVU7hpzI4PsYgn8=
-5,35,gTD1lfRaOocGuPD+BDlUjMR6pl0=,u8cyjgspZBeWMVU7hpzI4PsYgn8=
-4,35,gTD1lfRaOocGuPD+BDlUjMR6pl0=,u8cyjgspZBeWMVU7hpzI4PsYgn8=
-3,35,gTD1lfRaOocGuPD+BDlUjMR6pl0=,u8cyjgspZBeWMVU7hpzI4PsYgn8=
-2,35,gTD1lfRaOocGuPD+BDlUjMR6pl0=,u8cyjgspZBeWMVU7hpzI4PsYgn8=
-7,36,XOa6ZEGKdR35iqZelmzTONlX3hw=,u8cyjgspZBeWMVU7hpzI4PsYgn8=
-6,36,XOa6ZEGKdR35iqZelmzTONlX3hw=,u8cyjgspZBeWMVU7hpzI4PsYgn8=
-5,36,XOa6ZEGKdR35iqZelmzTONlX3hw=,u8cyjgspZBeWMVU7hpzI4PsYgn8=
-4,36,XOa6ZEGKdR35iqZelmzTONlX3hw=,u8cyjgspZBeWMVU7hpzI4PsYgn8=
-3,36,XOa6ZEGKdR35iqZelmzTONlX3hw=,u8cyjgspZBeWMVU7hpzI4PsYgn8=
-6,37,XOa6ZEGKdR35iqZelmzTONlX3hw=,u8cyjgspZBeWMVU7hpzI4PsYgn8=
-7,37,XOa6ZEGKdR35iqZelmzTONlX3hw=,u8cyjgspZBeWMVU7hpzI4PsYgn8=
-5,37,XOa6ZEGKdR35iqZelmzTONlX3hw=,u8cyjgspZBeWMVU7hpzI4PsYgn8=
-4,37,XOa6ZEGKdR35iqZelmzTONlX3hw=,u8cyjgspZBeWMVU7hpzI4PsYgn8=
-3,37,XOa6ZEGKdR35iqZelmzTONlX3hw=,u8cyjgspZBeWMVU7hpzI4PsYgn8=
-7,38,XOa6ZEGKdR35iqZelmzTONlX3hw=,u8cyjgspZBeWMVU7hpzI4PsYgn8=
-5,38,XOa6ZEGKdR35iqZelmzTONlX3hw=,u8cyjgspZBeWMVU7hpzI4PsYgn8=
-6,38,XOa6ZEGKdR35iqZelmzTONlX3hw=,u8cyjgspZBeWMVU7hpzI4PsYgn8=
-4,38,XOa6ZEGKdR35iqZelmzTONlX3hw=,u8cyjgspZBeWMVU7hpzI4PsYgn8=
-3,38,XOa6ZEGKdR35iqZelmzTONlX3hw=,u8cyjgspZBeWMVU7hpzI4PsYgn8=
-7,40,XOa6ZEGKdR35iqZelmzTONlX3hw=,xFdPqYktCExkZoplOjwLhtus6ts=
-6,40,XOa6ZEGKdR35iqZelmzTONlX3hw=,xFdPqYktCExkZoplOjwLhtus6ts=
-5,40,XOa6ZEGKdR35iqZelmzTONlX3hw=,xFdPqYktCExkZoplOjwLhtus6ts=
-4,40,XOa6ZEGKdR35iqZelmzTONlX3hw=,xFdPqYktCExkZoplOjwLhtus6ts=
-7,39,XOa6ZEGKdR35iqZelmzTONlX3hw=,u8cyjgspZBeWMVU7hpzI4PsYgn8=
-3,40,XOa6ZEGKdR35iqZelmzTONlX3hw=,xFdPqYktCExkZoplOjwLhtus6ts=
-6,39,XOa6ZEGKdR35iqZelmzTONlX3hw=,u8cyjgspZBeWMVU7hpzI4PsYgn8=
-5,39,XOa6ZEGKdR35iqZelmzTONlX3hw=,u8cyjgspZBeWMVU7hpzI4PsYgn8=
-4,39,XOa6ZEGKdR35iqZelmzTONlX3hw=,u8cyjgspZBeWMVU7hpzI4PsYgn8=
-3,39,XOa6ZEGKdR35iqZelmzTONlX3hw=,u8cyjgspZBeWMVU7hpzI4PsYgn8=
-7,33,XOa6ZEGKdR35iqZelmzTONlX3hw=,u8cyjgspZBeWMVU7hpzI4PsYgn8=
-6,33,XOa6ZEGKdR35iqZelmzTONlX3hw=,u8cyjgspZBeWMVU7hpzI4PsYgn8=
-5,33,XOa6ZEGKdR35iqZelmzTONlX3hw=,u8cyjgspZBeWMVU7hpzI4PsYgn8=
-10,36,XOa6ZEGKdR35iqZelmzTONlX3hw=,l7bmXSSTI6DpvnbBPoOXvSqE/RQ=
-9,35,XOa6ZEGKdR35iqZelmzTONlX3hw=,l7bmXSSTI6DpvnbBPoOXvSqE/RQ=
-10,33,XOa6ZEGKdR35iqZelmzTONlX3hw=,l7bmXSSTI6DpvnbBPoOXvSqE/RQ=
-9,36,XOa6ZEGKdR35iqZelmzTONlX3hw=,l7bmXSSTI6DpvnbBPoOXvSqE/RQ=
-8,33,XOa6ZEGKdR35iqZelmzTONlX3hw=,u8cyjgspZBeWMVU7hpzI4PsYgn8=
-11,36,XOa6ZEGKdR35iqZelmzTONlX3hw=,l7bmXSSTI6DpvnbBPoOXvSqE/RQ=
-10,35,XOa6ZEGKdR35iqZelmzTONlX3hw=,l7bmXSSTI6DpvnbBPoOXvSqE/RQ=
-10,34,XOa6ZEGKdR35iqZelmzTONlX3hw=,l7bmXSSTI6DpvnbBPoOXvSqE/RQ=
-14,37,XOa6ZEGKdR35iqZelmzTONlX3hw=,l7bmXSSTI6DpvnbBPoOXvSqE/RQ=
-11,35,XOa6ZEGKdR35iqZelmzTONlX3hw=,l7bmXSSTI6DpvnbBPoOXvSqE/RQ=
-8,39,XOa6ZEGKdR35iqZelmzTONlX3hw=,u8cyjgspZBeWMVU7hpzI4PsYgn8=
-11,34,XOa6ZEGKdR35iqZelmzTONlX3hw=,l7bmXSSTI6DpvnbBPoOXvSqE/RQ=
-13,37,XOa6ZEGKdR35iqZelmzTONlX3hw=,l7bmXSSTI6DpvnbBPoOXvSqE/RQ=
-9,39,XOa6ZEGKdR35iqZelmzTONlX3hw=,l7bmXSSTI6DpvnbBPoOXvSqE/RQ=
-9,33,XOa6ZEGKdR35iqZelmzTONlX3hw=,l7bmXSSTI6DpvnbBPoOXvSqE/RQ=
-8,34,XOa6ZEGKdR35iqZelmzTONlX3hw=,u8cyjgspZBeWMVU7hpzI4PsYgn8=
-12,36,XOa6ZEGKdR35iqZelmzTONlX3hw=,l7bmXSSTI6DpvnbBPoOXvSqE/RQ=
-8,40,XOa6ZEGKdR35iqZelmzTONlX3hw=,xFdPqYktCExkZoplOjwLhtus6ts=
-10,39,XOa6ZEGKdR35iqZelmzTONlX3hw=,l7bmXSSTI6DpvnbBPoOXvSqE/RQ=
-12,37,XOa6ZEGKdR35iqZelmzTONlX3hw=,l7bmXSSTI6DpvnbBPoOXvSqE/RQ=
-8,38,XOa6ZEGKdR35iqZelmzTONlX3hw=,u8cyjgspZBeWMVU7hpzI4PsYgn8=
-11,33,XOa6ZEGKdR35iqZelmzTONlX3hw=,l7bmXSSTI6DpvnbBPoOXvSqE/RQ=
-11,37,XOa6ZEGKdR35iqZelmzTONlX3hw=,l7bmXSSTI6DpvnbBPoOXvSqE/RQ=
-11,39,XOa6ZEGKdR35iqZelmzTONlX3hw=,l7bmXSSTI6DpvnbBPoOXvSqE/RQ=
-13,36,XOa6ZEGKdR35iqZelmzTONlX3hw=,l7bmXSSTI6DpvnbBPoOXvSqE/RQ=
-12,34,XOa6ZEGKdR35iqZelmzTONlX3hw=,l7bmXSSTI6DpvnbBPoOXvSqE/RQ=
-12,33,XOa6ZEGKdR35iqZelmzTONlX3hw=,l7bmXSSTI6DpvnbBPoOXvSqE/RQ=
-10,37,XOa6ZEGKdR35iqZelmzTONlX3hw=,l7bmXSSTI6DpvnbBPoOXvSqE/RQ=
-12,39,XOa6ZEGKdR35iqZelmzTONlX3hw=,l7bmXSSTI6DpvnbBPoOXvSqE/RQ=
-13,39,XOa6ZEGKdR35iqZelmzTONlX3hw=,l7bmXSSTI6DpvnbBPoOXvSqE/RQ=
-14,39,XOa6ZEGKdR35iqZelmzTONlX3hw=,l7bmXSSTI6DpvnbBPoOXvSqE/RQ=
-8,37,XOa6ZEGKdR35iqZelmzTONlX3hw=,u8cyjgspZBeWMVU7hpzI4PsYgn8=
-9,37,XOa6ZEGKdR35iqZelmzTONlX3hw=,l7bmXSSTI6DpvnbBPoOXvSqE/RQ=
-14,33,XOa6ZEGKdR35iqZelmzTONlX3hw=,l7bmXSSTI6DpvnbBPoOXvSqE/RQ=
-8,36,XOa6ZEGKdR35iqZelmzTONlX3hw=,u8cyjgspZBeWMVU7hpzI4PsYgn8=
-13,33,XOa6ZEGKdR35iqZelmzTONlX3hw=,l7bmXSSTI6DpvnbBPoOXvSqE/RQ=
-12,35,qBwjITVbI/vwdvFIQO6/Nko4i6I=,l7bmXSSTI6DpvnbBPoOXvSqE/RQ=
-13,34,qBwjITVbI/vwdvFIQO6/Nko4i6I=,l7bmXSSTI6DpvnbBPoOXvSqE/RQ=
-13,35,qBwjITVbI/vwdvFIQO6/Nko4i6I=,l7bmXSSTI6DpvnbBPoOXvSqE/RQ=
-9,34,qBwjITVbI/vwdvFIQO6/Nko4i6I=,l7bmXSSTI6DpvnbBPoOXvSqE/RQ=
-15,39,qBwjITVbI/vwdvFIQO6/Nko4i6I=,l7bmXSSTI6DpvnbBPoOXvSqE/RQ=
-14,38,qBwjITVbI/vwdvFIQO6/Nko4i6I=,l7bmXSSTI6DpvnbBPoOXvSqE/RQ=
-9,38,qBwjITVbI/vwdvFIQO6/Nko4i6I=,l7bmXSSTI6DpvnbBPoOXvSqE/RQ=
-10,38,qBwjITVbI/vwdvFIQO6/Nko4i6I=,l7bmXSSTI6DpvnbBPoOXvSqE/RQ=
-8,35,qBwjITVbI/vwdvFIQO6/Nko4i6I=,u8cyjgspZBeWMVU7hpzI4PsYgn8=
-11,38,qBwjITVbI/vwdvFIQO6/Nko4i6I=,l7bmXSSTI6DpvnbBPoOXvSqE/RQ=
-13,38,qBwjITVbI/vwdvFIQO6/Nko4i6I=,l7bmXSSTI6DpvnbBPoOXvSqE/RQ=
-12,38,qBwjITVbI/vwdvFIQO6/Nko4i6I=,l7bmXSSTI6DpvnbBPoOXvSqE/RQ=
-1,46,qBwjITVbI/vwdvFIQO6/Nko4i6I=,xFdPqYktCExkZoplOjwLhtus6ts=
-1,43,qBwjITVbI/vwdvFIQO6/Nko4i6I=,xFdPqYktCExkZoplOjwLhtus6ts=
-1,45,qBwjITVbI/vwdvFIQO6/Nko4i6I=,xFdPqYktCExkZoplOjwLhtus6ts=
-1,44,qBwjITVbI/vwdvFIQO6/Nko4i6I=,xFdPqYktCExkZoplOjwLhtus6ts=
-1,33,qBwjITVbI/vwdvFIQO6/Nko4i6I=,u8cyjgspZBeWMVU7hpzI4PsYgn8=
-1,35,qBwjITVbI/vwdvFIQO6/Nko4i6I=,u8cyjgspZBeWMVU7hpzI4PsYgn8=
-1,34,qBwjITVbI/vwdvFIQO6/Nko4i6I=,u8cyjgspZBeWMVU7hpzI4PsYgn8=
-2,37,qBwjITVbI/vwdvFIQO6/Nko4i6I=,u8cyjgspZBeWMVU7hpzI4PsYgn8=
-2,36,qBwjITVbI/vwdvFIQO6/Nko4i6I=,u8cyjgspZBeWMVU7hpzI4PsYgn8=
-1,42,qBwjITVbI/vwdvFIQO6/Nko4i6I=,xFdPqYktCExkZoplOjwLhtus6ts=
-7,32,qBwjITVbI/vwdvFIQO6/Nko4i6I=,u8cyjgspZBeWMVU7hpzI4PsYgn8=
-6,32,qBwjITVbI/vwdvFIQO6/Nko4i6I=,u8cyjgspZBeWMVU7hpzI4PsYgn8=
-5,32,qBwjITVbI/vwdvFIQO6/Nko4i6I=,u8cyjgspZBeWMVU7hpzI4PsYgn8=
-4,32,qBwjITVbI/vwdvFIQO6/Nko4i6I=,u8cyjgspZBeWMVU7hpzI4PsYgn8=
-3,32,qBwjITVbI/vwdvFIQO6/Nko4i6I=,u8cyjgspZBeWMVU7hpzI4PsYgn8=
-2,32,qBwjITVbI/vwdvFIQO6/Nko4i6I=,u8cyjgspZBeWMVU7hpzI4PsYgn8=
-2,42,qBwjITVbI/vwdvFIQO6/Nko4i6I=,xFdPqYktCExkZoplOjwLhtus6ts=
-2,38,qBwjITVbI/vwdvFIQO6/Nko4i6I=,u8cyjgspZBeWMVU7hpzI4PsYgn8=
-2,40,qBwjITVbI/vwdvFIQO6/Nko4i6I=,xFdPqYktCExkZoplOjwLhtus6ts=
-2,39,qBwjITVbI/vwdvFIQO6/Nko4i6I=,u8cyjgspZBeWMVU7hpzI4PsYgn8=
-1,36,qBwjITVbI/vwdvFIQO6/Nko4i6I=,u8cyjgspZBeWMVU7hpzI4PsYgn8=
-1,41,qBwjITVbI/vwdvFIQO6/Nko4i6I=,xFdPqYktCExkZoplOjwLhtus6ts=
-1,37,qBwjITVbI/vwdvFIQO6/Nko4i6I=,u8cyjgspZBeWMVU7hpzI4PsYgn8=
-1,39,qBwjITVbI/vwdvFIQO6/Nko4i6I=,u8cyjgspZBeWMVU7hpzI4PsYgn8=
-1,38,qBwjITVbI/vwdvFIQO6/Nko4i6I=,u8cyjgspZBeWMVU7hpzI4PsYgn8=
-1,40,qBwjITVbI/vwdvFIQO6/Nko4i6I=,xFdPqYktCExkZoplOjwLhtus6ts=
-1,32,qBwjITVbI/vwdvFIQO6/Nko4i6I=,u8cyjgspZBeWMVU7hpzI4PsYgn8=
-7,47,qBwjITVbI/vwdvFIQO6/Nko4i6I=,xFdPqYktCExkZoplOjwLhtus6ts=
-6,47,qBwjITVbI/vwdvFIQO6/Nko4i6I=,xFdPqYktCExkZoplOjwLhtus6ts=
-5,47,qBwjITVbI/vwdvFIQO6/Nko4i6I=,xFdPqYktCExkZoplOjwLhtus6ts=
-4,47,qBwjITVbI/vwdvFIQO6/Nko4i6I=,xFdPqYktCExkZoplOjwLhtus6ts=
-3,47,qBwjITVbI/vwdvFIQO6/Nko4i6I=,xFdPqYktCExkZoplOjwLhtus6ts=
-2,47,qBwjITVbI/vwdvFIQO6/Nko4i6I=,xFdPqYktCExkZoplOjwLhtus6ts=
-1,47,qBwjITVbI/vwdvFIQO6/Nko4i6I=,xFdPqYktCExkZoplOjwLhtus6ts=
-8,47,qBwjITVbI/vwdvFIQO6/Nko4i6I=,xFdPqYktCExkZoplOjwLhtus6ts=
-8,32,qBwjITVbI/vwdvFIQO6/Nko4i6I=,u8cyjgspZBeWMVU7hpzI4PsYgn8=
-11,32,qBwjITVbI/vwdvFIQO6/Nko4i6I=,l7bmXSSTI6DpvnbBPoOXvSqE/RQ=
-10,32,qBwjITVbI/vwdvFIQO6/Nko4i6I=,l7bmXSSTI6DpvnbBPoOXvSqE/RQ=
-9,32,qBwjITVbI/vwdvFIQO6/Nko4i6I=,l7bmXSSTI6DpvnbBPoOXvSqE/RQ=
-12,32,qBwjITVbI/vwdvFIQO6/Nko4i6I=,l7bmXSSTI6DpvnbBPoOXvSqE/RQ=
-14,32,qBwjITVbI/vwdvFIQO6/Nko4i6I=,l7bmXSSTI6DpvnbBPoOXvSqE/RQ=
-14,36,qBwjITVbI/vwdvFIQO6/Nko4i6I=,l7bmXSSTI6DpvnbBPoOXvSqE/RQ=
-16,39,qBwjITVbI/vwdvFIQO6/Nko4i6I=,l7bmXSSTI6DpvnbBPoOXvSqE/RQ=
-15,38,qBwjITVbI/vwdvFIQO6/Nko4i6I=,l7bmXSSTI6DpvnbBPoOXvSqE/RQ=
-15,37,qBwjITVbI/vwdvFIQO6/Nko4i6I=,l7bmXSSTI6DpvnbBPoOXvSqE/RQ=
-15,36,qBwjITVbI/vwdvFIQO6/Nko4i6I=,l7bmXSSTI6DpvnbBPoOXvSqE/RQ=
-16,37,qBwjITVbI/vwdvFIQO6/Nko4i6I=,l7bmXSSTI6DpvnbBPoOXvSqE/RQ=
-16,38,qBwjITVbI/vwdvFIQO6/Nko4i6I=,l7bmXSSTI6DpvnbBPoOXvSqE/RQ=
-16,36,qBwjITVbI/vwdvFIQO6/Nko4i6I=,l7bmXSSTI6DpvnbBPoOXvSqE/RQ=
-13,32,qBwjITVbI/vwdvFIQO6/Nko4i6I=,l7bmXSSTI6DpvnbBPoOXvSqE/RQ=
-14,34,qBwjITVbI/vwdvFIQO6/Nko4i6I=,l7bmXSSTI6DpvnbBPoOXvSqE/RQ=
-14,35,qBwjITVbI/vwdvFIQO6/Nko4i6I=,l7bmXSSTI6DpvnbBPoOXvSqE/RQ=
-15,35,qBwjITVbI/vwdvFIQO6/Nko4i6I=,l7bmXSSTI6DpvnbBPoOXvSqE/RQ=
-16,35,qBwjITVbI/vwdvFIQO6/Nko4i6I=,l7bmXSSTI6DpvnbBPoOXvSqE/RQ=
-15,34,qBwjITVbI/vwdvFIQO6/Nko4i6I=,l7bmXSSTI6DpvnbBPoOXvSqE/RQ=
-16,34,qBwjITVbI/vwdvFIQO6/Nko4i6I=,l7bmXSSTI6DpvnbBPoOXvSqE/RQ=
-16,32,qBwjITVbI/vwdvFIQO6/Nko4i6I=,l7bmXSSTI6DpvnbBPoOXvSqE/RQ=
-15,32,qBwjITVbI/vwdvFIQO6/Nko4i6I=,l7bmXSSTI6DpvnbBPoOXvSqE/RQ=
-15,33,qBwjITVbI/vwdvFIQO6/Nko4i6I=,l7bmXSSTI6DpvnbBPoOXvSqE/RQ=
-16,33,qBwjITVbI/vwdvFIQO6/Nko4i6I=,l7bmXSSTI6DpvnbBPoOXvSqE/RQ=
