-72,-259,d29Fc9O8vxI0ACUYvRyW603A1MU=,PW0L2b9mZ1Kle5vIUhxmF1ESG1s=
-71,-262,d29Fc9O8vxI0ACUYvRyW603A1MU=,PW0L2b9mZ1Kle5vIUhxmF1ESG1s=
-69,-258,d29Fc9O8vxI0ACUYvRyW603A1MU=,PW0L2b9mZ1Kle5vIUhxmF1ESG1s=
-72,-262,d29Fc9O8vxI0ACUYvRyW603A1MU=,PW0L2b9mZ1Kle5vIUhxmF1ESG1s=
-70,-258,xAc9I/nk/a9VM3MhRPy458oH5hE=,PW0L2b9mZ1Kle5vIUhxmF1ESG1s=
-71,-258,xAc9I/nk/a9VM3MhRPy458oH5hE=,PW0L2b9mZ1Kle5vIUhxmF1ESG1s=
-72,-258,xAc9I/nk/a9VM3MhRPy458oH5hE=,PW0L2b9mZ1Kle5vIUhxmF1ESG1s=
-70,-263,zdU824SbW+SIX5xTnt1d/dTjoYc=,PW0L2b9mZ1Kle5vIUhxmF1ESG1s=
-69,-260,zdU824SbW+SIX5xTnt1d/dTjoYc=,PW0L2b9mZ1Kle5vIUhxmF1ESG1s=
-70,-260,zdU824SbW+SIX5xTnt1d/dTjoYc=,PW0L2b9mZ1Kle5vIUhxmF1ESG1s=
-71,-263,zdU824SbW+SIX5xTnt1d/dTjoYc=,PW0L2b9mZ1Kle5vIUhxmF1ESG1s=
-72,-263,zdU824SbW+SIX5xTnt1d/dTjoYc=,PW0L2b9mZ1Kle5vIUhxmF1ESG1s=
-69,-259,zdU824SbW+SIX5xTnt1d/dTjoYc=,PW0L2b9mZ1Kle5vIUhxmF1ESG1s=
-70,-259,zdU824SbW+SIX5xTnt1d/dTjoYc=,PW0L2b9mZ1Kle5vIUhxmF1ESG1s=
-71,-261,zdU824SbW+SIX5xTnt1d/dTjoYc=,PW0L2b9mZ1Kle5vIUhxmF1ESG1s=
-72,-261,zdU824SbW+SIX5xTnt1d/dTjoYc=,PW0L2b9mZ1Kle5vIUhxmF1ESG1s=
-71,-260,zdU824SbW+SIX5xTnt1d/dTjoYc=,PW0L2b9mZ1Kle5vIUhxmF1ESG1s=
-72,-260,zdU824SbW+SIX5xTnt1d/dTjoYc=,PW0L2b9mZ1Kle5vIUhxmF1ESG1s=
-71,-259,zdU824SbW+SIX5xTnt1d/dTjoYc=,PW0L2b9mZ1Kle5vIUhxmF1ESG1s=
-76,-271,zdU824SbW+SIX5xTnt1d/dTjoYc=,aeC1E6Rxf5e4Sdum+uOrw7aLuQo=
-79,-270,zdU824SbW+SIX5xTnt1d/dTjoYc=,aeC1E6Rxf5e4Sdum+uOrw7aLuQo=
-78,-270,zdU824SbW+SIX5xTnt1d/dTjoYc=,aeC1E6Rxf5e4Sdum+uOrw7aLuQo=
-77,-270,zdU824SbW+SIX5xTnt1d/dTjoYc=,aeC1E6Rxf5e4Sdum+uOrw7aLuQo=
-76,-270,F+VQbnr4XofJN6JzLV8UMV9l5uw=,aeC1E6Rxf5e4Sdum+uOrw7aLuQo=
-79,-269,F+VQbnr4XofJN6JzLV8UMV9l5uw=,aeC1E6Rxf5e4Sdum+uOrw7aLuQo=
-78,-269,F+VQbnr4XofJN6JzLV8UMV9l5uw=,aeC1E6Rxf5e4Sdum+uOrw7aLuQo=
-77,-269,F+VQbnr4XofJN6JzLV8UMV9l5uw=,aeC1E6Rxf5e4Sdum+uOrw7aLuQo=
-76,-269,F+VQbnr4XofJN6JzLV8UMV9l5uw=,aeC1E6Rxf5e4Sdum+uOrw7aLuQo=
-75,-269,F+VQbnr4XofJN6JzLV8UMV9l5uw=,aeC1E6Rxf5e4Sdum+uOrw7aLuQo=
-79,-268,F+VQbnr4XofJN6JzLV8UMV9l5uw=,aeC1E6Rxf5e4Sdum+uOrw7aLuQo=
-78,-268,F+VQbnr4XofJN6JzLV8UMV9l5uw=,aeC1E6Rxf5e4Sdum+uOrw7aLuQo=
-77,-268,F+VQbnr4XofJN6JzLV8UMV9l5uw=,aeC1E6Rxf5e4Sdum+uOrw7aLuQo=
-76,-268,5uLFrYfqmOefuEFVsaNfpXn/MuU=,aeC1E6Rxf5e4Sdum+uOrw7aLuQo=
-79,-267,5uLFrYfqmOefuEFVsaNfpXn/MuU=,aeC1E6Rxf5e4Sdum+uOrw7aLuQo=
-78,-267,5uLFrYfqmOefuEFVsaNfpXn/MuU=,aeC1E6Rxf5e4Sdum+uOrw7aLuQo=
-77,-267,5uLFrYfqmOefuEFVsaNfpXn/MuU=,aeC1E6Rxf5e4Sdum+uOrw7aLuQo=
-76,-267,5uLFrYfqmOefuEFVsaNfpXn/MuU=,aeC1E6Rxf5e4Sdum+uOrw7aLuQo=
-75,-267,5uLFrYfqmOefuEFVsaNfpXn/MuU=,aeC1E6Rxf5e4Sdum+uOrw7aLuQo=
-79,-266,5uLFrYfqmOefuEFVsaNfpXn/MuU=,aeC1E6Rxf5e4Sdum+uOrw7aLuQo=
-78,-266,5uLFrYfqmOefuEFVsaNfpXn/MuU=,aeC1E6Rxf5e4Sdum+uOrw7aLuQo=
-77,-266,5uLFrYfqmOefuEFVsaNfpXn/MuU=,aeC1E6Rxf5e4Sdum+uOrw7aLuQo=
-76,-266,5uLFrYfqmOefuEFVsaNfpXn/MuU=,aeC1E6Rxf5e4Sdum+uOrw7aLuQo=
-75,-266,5uLFrYfqmOefuEFVsaNfpXn/MuU=,aeC1E6Rxf5e4Sdum+uOrw7aLuQo=
-74,-266,5uLFrYfqmOefuEFVsaNfpXn/MuU=,aeC1E6Rxf5e4Sdum+uOrw7aLuQo=
-79,-265,5uLFrYfqmOefuEFVsaNfpXn/MuU=,aeC1E6Rxf5e4Sdum+uOrw7aLuQo=
-78,-265,5uLFrYfqmOefuEFVsaNfpXn/MuU=,aeC1E6Rxf5e4Sdum+uOrw7aLuQo=
-77,-265,5uLFrYfqmOefuEFVsaNfpXn/MuU=,aeC1E6Rxf5e4Sdum+uOrw7aLuQo=
-76,-265,5uLFrYfqmOefuEFVsaNfpXn/MuU=,aeC1E6Rxf5e4Sdum+uOrw7aLuQo=
-75,-265,5uLFrYfqmOefuEFVsaNfpXn/MuU=,aeC1E6Rxf5e4Sdum+uOrw7aLuQo=
-74,-265,5uLFrYfqmOefuEFVsaNfpXn/MuU=,aeC1E6Rxf5e4Sdum+uOrw7aLuQo=
-79,-271,5uLFrYfqmOefuEFVsaNfpXn/MuU=,aeC1E6Rxf5e4Sdum+uOrw7aLuQo=
-78,-271,5uLFrYfqmOefuEFVsaNfpXn/MuU=,aeC1E6Rxf5e4Sdum+uOrw7aLuQo=
-77,-271,5uLFrYfqmOefuEFVsaNfpXn/MuU=,aeC1E6Rxf5e4Sdum+uOrw7aLuQo=
-80,-269,5uLFrYfqmOefuEFVsaNfpXn/MuU=,aeC1E6Rxf5e4Sdum+uOrw7aLuQo=
-80,-270,5uLFrYfqmOefuEFVsaNfpXn/MuU=,aeC1E6Rxf5e4Sdum+uOrw7aLuQo=
-80,-268,5uLFrYfqmOefuEFVsaNfpXn/MuU=,aeC1E6Rxf5e4Sdum+uOrw7aLuQo=
-80,-267,5uLFrYfqmOefuEFVsaNfpXn/MuU=,aeC1E6Rxf5e4Sdum+uOrw7aLuQo=
-80,-266,5uLFrYfqmOefuEFVsaNfpXn/MuU=,aeC1E6Rxf5e4Sdum+uOrw7aLuQo=
-80,-271,5uLFrYfqmOefuEFVsaNfpXn/MuU=,aeC1E6Rxf5e4Sdum+uOrw7aLuQo=
-80,-265,5uLFrYfqmOefuEFVsaNfpXn/MuU=,aeC1E6Rxf5e4Sdum+uOrw7aLuQo=
-71,-257,5uLFrYfqmOefuEFVsaNfpXn/MuU=,PW0L2b9mZ1Kle5vIUhxmF1ESG1s=
-70,-257,5uLFrYfqmOefuEFVsaNfpXn/MuU=,PW0L2b9mZ1Kle5vIUhxmF1ESG1s=
-79,-272,NRHbZ5EY2epM/p64a7pO+lzFnGY=,aeC1E6Rxf5e4Sdum+uOrw7aLuQo=
-80,-272,NRHbZ5EY2epM/p64a7pO+lzFnGY=,aeC1E6Rxf5e4Sdum+uOrw7aLuQo=
-78,-272,NRHbZ5EY2epM/p64a7pO+lzFnGY=,aeC1E6Rxf5e4Sdum+uOrw7aLuQo=
-77,-272,NRHbZ5EY2epM/p64a7pO+lzFnGY=,aeC1E6Rxf5e4Sdum+uOrw7aLuQo=
-76,-272,NRHbZ5EY2epM/p64a7pO+lzFnGY=,aeC1E6Rxf5e4Sdum+uOrw7aLuQo=
-74,-272,NRHbZ5EY2epM/p64a7pO+lzFnGY=,aeC1E6Rxf5e4Sdum+uOrw7aLuQo=
-72,-257,NRHbZ5EY2epM/p64a7pO+lzFnGY=,PW0L2b9mZ1Kle5vIUhxmF1ESG1s=
-69,-257,rJ0KTeRHoJwRrIJZUGIF/VLNHl8=,PW0L2b9mZ1Kle5vIUhxmF1ESG1s=
-65,-260,rJ0KTeRHoJwRrIJZUGIF/VLNHl8=,PW0L2b9mZ1Kle5vIUhxmF1ESG1s=
-68,-257,rJ0KTeRHoJwRrIJZUGIF/VLNHl8=,PW0L2b9mZ1Kle5vIUhxmF1ESG1s=
-68,-260,rJ0KTeRHoJwRrIJZUGIF/VLNHl8=,PW0L2b9mZ1Kle5vIUhxmF1ESG1s=
-66,-260,rJ0KTeRHoJwRrIJZUGIF/VLNHl8=,PW0L2b9mZ1Kle5vIUhxmF1ESG1s=
-65,-257,rJ0KTeRHoJwRrIJZUGIF/VLNHl8=,PW0L2b9mZ1Kle5vIUhxmF1ESG1s=
-65,-258,rJ0KTeRHoJwRrIJZUGIF/VLNHl8=,PW0L2b9mZ1Kle5vIUhxmF1ESG1s=
-67,-260,rJ0KTeRHoJwRrIJZUGIF/VLNHl8=,PW0L2b9mZ1Kle5vIUhxmF1ESG1s=
-67,-257,rJ0KTeRHoJwRrIJZUGIF/VLNHl8=,PW0L2b9mZ1Kle5vIUhxmF1ESG1s=
-66,-258,rJ0KTeRHoJwRrIJZUGIF/VLNHl8=,PW0L2b9mZ1Kle5vIUhxmF1ESG1s=
-67,-258,rJ0KTeRHoJwRrIJZUGIF/VLNHl8=,PW0L2b9mZ1Kle5vIUhxmF1ESG1s=
-65,-259,rJ0KTeRHoJwRrIJZUGIF/VLNHl8=,PW0L2b9mZ1Kle5vIUhxmF1ESG1s=
-68,-258,rJ0KTeRHoJwRrIJZUGIF/VLNHl8=,PW0L2b9mZ1Kle5vIUhxmF1ESG1s=
-67,-259,rJ0KTeRHoJwRrIJZUGIF/VLNHl8=,PW0L2b9mZ1Kle5vIUhxmF1ESG1s=
-66,-257,rJ0KTeRHoJwRrIJZUGIF/VLNHl8=,PW0L2b9mZ1Kle5vIUhxmF1ESG1s=
-66,-259,rJ0KTeRHoJwRrIJZUGIF/VLNHl8=,PW0L2b9mZ1Kle5vIUhxmF1ESG1s=
-68,-259,rJ0KTeRHoJwRrIJZUGIF/VLNHl8=,PW0L2b9mZ1Kle5vIUhxmF1ESG1s=
-65,-271,fWVVW678VtgO0ULdcamDf71Hz9s=,5eATN5O63+enK2hVuH8Q0L1SUg0=
-73,-265,fWVVW678VtgO0ULdcamDf71Hz9s=,aeC1E6Rxf5e4Sdum+uOrw7aLuQo=
-72,-264,fWVVW678VtgO0ULdcamDf71Hz9s=,PW0L2b9mZ1Kle5vIUhxmF1ESG1s=
-66,-271,fWVVW678VtgO0ULdcamDf71Hz9s=,5eATN5O63+enK2hVuH8Q0L1SUg0=
-66,-272,fWVVW678VtgO0ULdcamDf71Hz9s=,5eATN5O63+enK2hVuH8Q0L1SUg0=
-73,-266,fWVVW678VtgO0ULdcamDf71Hz9s=,aeC1E6Rxf5e4Sdum+uOrw7aLuQo=
-65,-270,fWVVW678VtgO0ULdcamDf71Hz9s=,5eATN5O63+enK2hVuH8Q0L1SUg0=
-71,-265,fWVVW678VtgO0ULdcamDf71Hz9s=,5eATN5O63+enK2hVuH8Q0L1SUg0=
-65,-267,fWVVW678VtgO0ULdcamDf71Hz9s=,5eATN5O63+enK2hVuH8Q0L1SUg0=
-65,-269,fWVVW678VtgO0ULdcamDf71Hz9s=,5eATN5O63+enK2hVuH8Q0L1SUg0=
-68,-269,fWVVW678VtgO0ULdcamDf71Hz9s=,5eATN5O63+enK2hVuH8Q0L1SUg0=
-69,-264,fWVVW678VtgO0ULdcamDf71Hz9s=,PW0L2b9mZ1Kle5vIUhxmF1ESG1s=
-69,-269,fWVVW678VtgO0ULdcamDf71Hz9s=,5eATN5O63+enK2hVuH8Q0L1SUg0=
-66,-262,fWVVW678VtgO0ULdcamDf71Hz9s=,PW0L2b9mZ1Kle5vIUhxmF1ESG1s=
-66,-261,fWVVW678VtgO0ULdcamDf71Hz9s=,PW0L2b9mZ1Kle5vIUhxmF1ESG1s=
-66,-269,fWVVW678VtgO0ULdcamDf71Hz9s=,5eATN5O63+enK2hVuH8Q0L1SUg0=
-65,-262,fWVVW678VtgO0ULdcamDf71Hz9s=,PW0L2b9mZ1Kle5vIUhxmF1ESG1s=
-65,-263,fWVVW678VtgO0ULdcamDf71Hz9s=,PW0L2b9mZ1Kle5vIUhxmF1ESG1s=
-67,-262,fWVVW678VtgO0ULdcamDf71Hz9s=,PW0L2b9mZ1Kle5vIUhxmF1ESG1s=
-65,-261,fWVVW678VtgO0ULdcamDf71Hz9s=,PW0L2b9mZ1Kle5vIUhxmF1ESG1s=
-70,-262,fWVVW678VtgO0ULdcamDf71Hz9s=,PW0L2b9mZ1Kle5vIUhxmF1ESG1s=
-69,-262,fWVVW678VtgO0ULdcamDf71Hz9s=,PW0L2b9mZ1Kle5vIUhxmF1ESG1s=
-68,-262,fWVVW678VtgO0ULdcamDf71Hz9s=,PW0L2b9mZ1Kle5vIUhxmF1ESG1s=
-67,-261,fWVVW678VtgO0ULdcamDf71Hz9s=,PW0L2b9mZ1Kle5vIUhxmF1ESG1s=
-70,-261,fWVVW678VtgO0ULdcamDf71Hz9s=,PW0L2b9mZ1Kle5vIUhxmF1ESG1s=
-66,-263,fWVVW678VtgO0ULdcamDf71Hz9s=,PW0L2b9mZ1Kle5vIUhxmF1ESG1s=
-69,-263,fWVVW678VtgO0ULdcamDf71Hz9s=,PW0L2b9mZ1Kle5vIUhxmF1ESG1s=
-75,-271,fWVVW678VtgO0ULdcamDf71Hz9s=,aeC1E6Rxf5e4Sdum+uOrw7aLuQo=
-74,-271,fWVVW678VtgO0ULdcamDf71Hz9s=,aeC1E6Rxf5e4Sdum+uOrw7aLuQo=
-67,-269,fWVVW678VtgO0ULdcamDf71Hz9s=,5eATN5O63+enK2hVuH8Q0L1SUg0=
-70,-269,fWVVW678VtgO0ULdcamDf71Hz9s=,5eATN5O63+enK2hVuH8Q0L1SUg0=
-68,-263,fWVVW678VtgO0ULdcamDf71Hz9s=,PW0L2b9mZ1Kle5vIUhxmF1ESG1s=
-74,-269,fWVVW678VtgO0ULdcamDf71Hz9s=,aeC1E6Rxf5e4Sdum+uOrw7aLuQo=
-69,-261,fWVVW678VtgO0ULdcamDf71Hz9s=,PW0L2b9mZ1Kle5vIUhxmF1ESG1s=
-75,-272,fWVVW678VtgO0ULdcamDf71Hz9s=,aeC1E6Rxf5e4Sdum+uOrw7aLuQo=
-75,-270,fWVVW678VtgO0ULdcamDf71Hz9s=,aeC1E6Rxf5e4Sdum+uOrw7aLuQo=
-65,-264,fWVVW678VtgO0ULdcamDf71Hz9s=,PW0L2b9mZ1Kle5vIUhxmF1ESG1s=
-68,-261,fWVVW678VtgO0ULdcamDf71Hz9s=,PW0L2b9mZ1Kle5vIUhxmF1ESG1s=
-68,-264,fWVVW678VtgO0ULdcamDf71Hz9s=,PW0L2b9mZ1Kle5vIUhxmF1ESG1s=
-67,-263,fWVVW678VtgO0ULdcamDf71Hz9s=,PW0L2b9mZ1Kle5vIUhxmF1ESG1s=
-67,-271,fWVVW678VtgO0ULdcamDf71Hz9s=,5eATN5O63+enK2hVuH8Q0L1SUg0=
-66,-264,fWVVW678VtgO0ULdcamDf71Hz9s=,PW0L2b9mZ1Kle5vIUhxmF1ESG1s=
-75,-268,fWVVW678VtgO0ULdcamDf71Hz9s=,aeC1E6Rxf5e4Sdum+uOrw7aLuQo=
-74,-267,fWVVW678VtgO0ULdcamDf71Hz9s=,aeC1E6Rxf5e4Sdum+uOrw7aLuQo=
-74,-270,fWVVW678VtgO0ULdcamDf71Hz9s=,aeC1E6Rxf5e4Sdum+uOrw7aLuQo=
-70,-271,fWVVW678VtgO0ULdcamDf71Hz9s=,5eATN5O63+enK2hVuH8Q0L1SUg0=
-67,-264,fWVVW678VtgO0ULdcamDf71Hz9s=,PW0L2b9mZ1Kle5vIUhxmF1ESG1s=
-73,-270,fWVVW678VtgO0ULdcamDf71Hz9s=,aeC1E6Rxf5e4Sdum+uOrw7aLuQo=
-72,-270,fWVVW678VtgO0ULdcamDf71Hz9s=,5eATN5O63+enK2hVuH8Q0L1SUg0=
-69,-271,fWVVW678VtgO0ULdcamDf71Hz9s=,5eATN5O63+enK2hVuH8Q0L1SUg0=
-74,-268,fWVVW678VtgO0ULdcamDf71Hz9s=,aeC1E6Rxf5e4Sdum+uOrw7aLuQo=
-65,-272,fWVVW678VtgO0ULdcamDf71Hz9s=,5eATN5O63+enK2hVuH8Q0L1SUg0=
-67,-272,fWVVW678VtgO0ULdcamDf71Hz9s=,5eATN5O63+enK2hVuH8Q0L1SUg0=
-71,-264,fWVVW678VtgO0ULdcamDf71Hz9s=,PW0L2b9mZ1Kle5vIUhxmF1ESG1s=
-71,-271,fWVVW678VtgO0ULdcamDf71Hz9s=,5eATN5O63+enK2hVuH8Q0L1SUg0=
-68,-271,fWVVW678VtgO0ULdcamDf71Hz9s=,5eATN5O63+enK2hVuH8Q0L1SUg0=
-70,-270,fWVVW678VtgO0ULdcamDf71Hz9s=,5eATN5O63+enK2hVuH8Q0L1SUg0=
-73,-268,fWVVW678VtgO0ULdcamDf71Hz9s=,aeC1E6Rxf5e4Sdum+uOrw7aLuQo=
-71,-269,fWVVW678VtgO0ULdcamDf71Hz9s=,5eATN5O63+enK2hVuH8Q0L1SUg0=
-71,-270,fWVVW678VtgO0ULdcamDf71Hz9s=,5eATN5O63+enK2hVuH8Q0L1SUg0=
-73,-267,fWVVW678VtgO0ULdcamDf71Hz9s=,aeC1E6Rxf5e4Sdum+uOrw7aLuQo=
-69,-272,fWVVW678VtgO0ULdcamDf71Hz9s=,5eATN5O63+enK2hVuH8Q0L1SUg0=
-70,-272,fWVVW678VtgO0ULdcamDf71Hz9s=,5eATN5O63+enK2hVuH8Q0L1SUg0=
-65,-265,fWVVW678VtgO0ULdcamDf71Hz9s=,5eATN5O63+enK2hVuH8Q0L1SUg0=
-73,-272,fWVVW678VtgO0ULdcamDf71Hz9s=,aeC1E6Rxf5e4Sdum+uOrw7aLuQo=
-72,-271,fWVVW678VtgO0ULdcamDf71Hz9s=,5eATN5O63+enK2hVuH8Q0L1SUg0=
-73,-271,fWVVW678VtgO0ULdcamDf71Hz9s=,aeC1E6Rxf5e4Sdum+uOrw7aLuQo=
-68,-272,fWVVW678VtgO0ULdcamDf71Hz9s=,5eATN5O63+enK2hVuH8Q0L1SUg0=
-72,-272,fWVVW678VtgO0ULdcamDf71Hz9s=,5eATN5O63+enK2hVuH8Q0L1SUg0=
-71,-272,fWVVW678VtgO0ULdcamDf71Hz9s=,5eATN5O63+enK2hVuH8Q0L1SUg0=
-70,-268,fWVVW678VtgO0ULdcamDf71Hz9s=,5eATN5O63+enK2hVuH8Q0L1SUg0=
-71,-268,fWVVW678VtgO0ULdcamDf71Hz9s=,5eATN5O63+enK2hVuH8Q0L1SUg0=
-70,-264,fWVVW678VtgO0ULdcamDf71Hz9s=,PW0L2b9mZ1Kle5vIUhxmF1ESG1s=
-65,-268,fWVVW678VtgO0ULdcamDf71Hz9s=,5eATN5O63+enK2hVuH8Q0L1SUg0=
-72,-268,fWVVW678VtgO0ULdcamDf71Hz9s=,5eATN5O63+enK2hVuH8Q0L1SUg0=
-72,-269,fWVVW678VtgO0ULdcamDf71Hz9s=,5eATN5O63+enK2hVuH8Q0L1SUg0=
-67,-268,fWVVW678VtgO0ULdcamDf71Hz9s=,5eATN5O63+enK2hVuH8Q0L1SUg0=
-66,-268,fWVVW678VtgO0ULdcamDf71Hz9s=,5eATN5O63+enK2hVuH8Q0L1SUg0=
-71,-266,fWVVW678VtgO0ULdcamDf71Hz9s=,5eATN5O63+enK2hVuH8Q0L1SUg0=
-68,-268,fWVVW678VtgO0ULdcamDf71Hz9s=,5eATN5O63+enK2hVuH8Q0L1SUg0=
-71,-267,fWVVW678VtgO0ULdcamDf71Hz9s=,5eATN5O63+enK2hVuH8Q0L1SUg0=
-66,-267,fWVVW678VtgO0ULdcamDf71Hz9s=,5eATN5O63+enK2hVuH8Q0L1SUg0=
-65,-266,fWVVW678VtgO0ULdcamDf71Hz9s=,5eATN5O63+enK2hVuH8Q0L1SUg0=
-69,-268,fWVVW678VtgO0ULdcamDf71Hz9s=,5eATN5O63+enK2hVuH8Q0L1SUg0=
-72,-265,fWVVW678VtgO0ULdcamDf71Hz9s=,5eATN5O63+enK2hVuH8Q0L1SUg0=
-66,-270,fWVVW678VtgO0ULdcamDf71Hz9s=,5eATN5O63+enK2hVuH8Q0L1SUg0=
-72,-266,fWVVW678VtgO0ULdcamDf71Hz9s=,5eATN5O63+enK2hVuH8Q0L1SUg0=
-67,-267,fWVVW678VtgO0ULdcamDf71Hz9s=,5eATN5O63+enK2hVuH8Q0L1SUg0=
-70,-266,fWVVW678VtgO0ULdcamDf71Hz9s=,5eATN5O63+enK2hVuH8Q0L1SUg0=
-68,-270,fWVVW678VtgO0ULdcamDf71Hz9s=,5eATN5O63+enK2hVuH8Q0L1SUg0=
-69,-270,fWVVW678VtgO0ULdcamDf71Hz9s=,5eATN5O63+enK2hVuH8Q0L1SUg0=
-70,-267,fWVVW678VtgO0ULdcamDf71Hz9s=,5eATN5O63+enK2hVuH8Q0L1SUg0=
-66,-266,fWVVW678VtgO0ULdcamDf71Hz9s=,5eATN5O63+enK2hVuH8Q0L1SUg0=
-70,-265,fWVVW678VtgO0ULdcamDf71Hz9s=,5eATN5O63+enK2hVuH8Q0L1SUg0=
-72,-267,fWVVW678VtgO0ULdcamDf71Hz9s=,5eATN5O63+enK2hVuH8Q0L1SUg0=
-66,-265,fWVVW678VtgO0ULdcamDf71Hz9s=,5eATN5O63+enK2hVuH8Q0L1SUg0=
-73,-269,fWVVW678VtgO0ULdcamDf71Hz9s=,aeC1E6Rxf5e4Sdum+uOrw7aLuQo=
-67,-270,fWVVW678VtgO0ULdcamDf71Hz9s=,5eATN5O63+enK2hVuH8Q0L1SUg0=
-67,-266,fWVVW678VtgO0ULdcamDf71Hz9s=,5eATN5O63+enK2hVuH8Q0L1SUg0=
-68,-266,fWVVW678VtgO0ULdcamDf71Hz9s=,5eATN5O63+enK2hVuH8Q0L1SUg0=
-67,-265,fWVVW678VtgO0ULdcamDf71Hz9s=,5eATN5O63+enK2hVuH8Q0L1SUg0=
-68,-265,fWVVW678VtgO0ULdcamDf71Hz9s=,5eATN5O63+enK2hVuH8Q0L1SUg0=
-68,-267,fWVVW678VtgO0ULdcamDf71Hz9s=,5eATN5O63+enK2hVuH8Q0L1SUg0=
-69,-266,fWVVW678VtgO0ULdcamDf71Hz9s=,5eATN5O63+enK2hVuH8Q0L1SUg0=
-69,-267,fWVVW678VtgO0ULdcamDf71Hz9s=,5eATN5O63+enK2hVuH8Q0L1SUg0=
-69,-265,fWVVW678VtgO0ULdcamDf71Hz9s=,5eATN5O63+enK2hVuH8Q0L1SUg0=
-71,-286,SUB1lWV8XAiJxWsMHj6p4YFWRBQ=,EaI61N7NO7ZbmDCg/JbnSzw5CPk=
-66,-287,SUB1lWV8XAiJxWsMHj6p4YFWRBQ=,EaI61N7NO7ZbmDCg/JbnSzw5CPk=
-67,-287,7jLKVGyzgNH0c7Nt1tK9aun+ZcM=,EaI61N7NO7ZbmDCg/JbnSzw5CPk=
-68,-287,SekGzy2DKJuwmSh2cvgkvZzDCSY=,EaI61N7NO7ZbmDCg/JbnSzw5CPk=
-69,-287,SekGzy2DKJuwmSh2cvgkvZzDCSY=,EaI61N7NO7ZbmDCg/JbnSzw5CPk=
-70,-287,SekGzy2DKJuwmSh2cvgkvZzDCSY=,EaI61N7NO7ZbmDCg/JbnSzw5CPk=
-71,-287,SekGzy2DKJuwmSh2cvgkvZzDCSY=,EaI61N7NO7ZbmDCg/JbnSzw5CPk=
-70,-283,SekGzy2DKJuwmSh2cvgkvZzDCSY=,EaI61N7NO7ZbmDCg/JbnSzw5CPk=
-71,-283,SekGzy2DKJuwmSh2cvgkvZzDCSY=,EaI61N7NO7ZbmDCg/JbnSzw5CPk=
-66,-284,SekGzy2DKJuwmSh2cvgkvZzDCSY=,EaI61N7NO7ZbmDCg/JbnSzw5CPk=
-67,-284,SekGzy2DKJuwmSh2cvgkvZzDCSY=,EaI61N7NO7ZbmDCg/JbnSzw5CPk=
-68,-284,TVW8NaUtWXs7Ryns7BFbad7g8gI=,EaI61N7NO7ZbmDCg/JbnSzw5CPk=
-69,-284,TVW8NaUtWXs7Ryns7BFbad7g8gI=,EaI61N7NO7ZbmDCg/JbnSzw5CPk=
-70,-284,TVW8NaUtWXs7Ryns7BFbad7g8gI=,EaI61N7NO7ZbmDCg/JbnSzw5CPk=
-66,-285,TVW8NaUtWXs7Ryns7BFbad7g8gI=,EaI61N7NO7ZbmDCg/JbnSzw5CPk=
-71,-284,TVW8NaUtWXs7Ryns7BFbad7g8gI=,EaI61N7NO7ZbmDCg/JbnSzw5CPk=
-67,-285,TVW8NaUtWXs7Ryns7BFbad7g8gI=,EaI61N7NO7ZbmDCg/JbnSzw5CPk=
-69,-285,TVW8NaUtWXs7Ryns7BFbad7g8gI=,EaI61N7NO7ZbmDCg/JbnSzw5CPk=
-70,-285,TVW8NaUtWXs7Ryns7BFbad7g8gI=,EaI61N7NO7ZbmDCg/JbnSzw5CPk=
-68,-285,TVW8NaUtWXs7Ryns7BFbad7g8gI=,EaI61N7NO7ZbmDCg/JbnSzw5CPk=
-71,-285,TVW8NaUtWXs7Ryns7BFbad7g8gI=,EaI61N7NO7ZbmDCg/JbnSzw5CPk=
-66,-286,TVW8NaUtWXs7Ryns7BFbad7g8gI=,EaI61N7NO7ZbmDCg/JbnSzw5CPk=
-68,-286,TVW8NaUtWXs7Ryns7BFbad7g8gI=,EaI61N7NO7ZbmDCg/JbnSzw5CPk=
-67,-286,TVW8NaUtWXs7Ryns7BFbad7g8gI=,EaI61N7NO7ZbmDCg/JbnSzw5CPk=
-69,-286,TVW8NaUtWXs7Ryns7BFbad7g8gI=,EaI61N7NO7ZbmDCg/JbnSzw5CPk=
-70,-286,TVW8NaUtWXs7Ryns7BFbad7g8gI=,EaI61N7NO7ZbmDCg/JbnSzw5CPk=
-76,-288,TVW8NaUtWXs7Ryns7BFbad7g8gI=,DcMXqm98cwmrPSpwNe7fXWisW34=
-75,-288,TVW8NaUtWXs7Ryns7BFbad7g8gI=,DcMXqm98cwmrPSpwNe7fXWisW34=
-72,-286,TVW8NaUtWXs7Ryns7BFbad7g8gI=,EaI61N7NO7ZbmDCg/JbnSzw5CPk=
-74,-288,TVW8NaUtWXs7Ryns7BFbad7g8gI=,DcMXqm98cwmrPSpwNe7fXWisW34=
-80,-287,TVW8NaUtWXs7Ryns7BFbad7g8gI=,DcMXqm98cwmrPSpwNe7fXWisW34=
-79,-287,TVW8NaUtWXs7Ryns7BFbad7g8gI=,DcMXqm98cwmrPSpwNe7fXWisW34=
-78,-287,TVW8NaUtWXs7Ryns7BFbad7g8gI=,DcMXqm98cwmrPSpwNe7fXWisW34=
-72,-285,TVW8NaUtWXs7Ryns7BFbad7g8gI=,EaI61N7NO7ZbmDCg/JbnSzw5CPk=
-76,-287,TVW8NaUtWXs7Ryns7BFbad7g8gI=,DcMXqm98cwmrPSpwNe7fXWisW34=
-77,-287,TVW8NaUtWXs7Ryns7BFbad7g8gI=,DcMXqm98cwmrPSpwNe7fXWisW34=
-75,-287,TVW8NaUtWXs7Ryns7BFbad7g8gI=,DcMXqm98cwmrPSpwNe7fXWisW34=
-74,-287,TVW8NaUtWXs7Ryns7BFbad7g8gI=,DcMXqm98cwmrPSpwNe7fXWisW34=
-73,-287,TVW8NaUtWXs7Ryns7BFbad7g8gI=,DcMXqm98cwmrPSpwNe7fXWisW34=
-80,-286,TVW8NaUtWXs7Ryns7BFbad7g8gI=,DcMXqm98cwmrPSpwNe7fXWisW34=
-79,-286,TVW8NaUtWXs7Ryns7BFbad7g8gI=,DcMXqm98cwmrPSpwNe7fXWisW34=
-78,-286,TVW8NaUtWXs7Ryns7BFbad7g8gI=,DcMXqm98cwmrPSpwNe7fXWisW34=
-77,-286,TVW8NaUtWXs7Ryns7BFbad7g8gI=,DcMXqm98cwmrPSpwNe7fXWisW34=
-76,-286,TVW8NaUtWXs7Ryns7BFbad7g8gI=,DcMXqm98cwmrPSpwNe7fXWisW34=
-72,-284,TVW8NaUtWXs7Ryns7BFbad7g8gI=,EaI61N7NO7ZbmDCg/JbnSzw5CPk=
-75,-286,TVW8NaUtWXs7Ryns7BFbad7g8gI=,DcMXqm98cwmrPSpwNe7fXWisW34=
-74,-286,TVW8NaUtWXs7Ryns7BFbad7g8gI=,DcMXqm98cwmrPSpwNe7fXWisW34=
-73,-286,TVW8NaUtWXs7Ryns7BFbad7g8gI=,DcMXqm98cwmrPSpwNe7fXWisW34=
-80,-285,TVW8NaUtWXs7Ryns7BFbad7g8gI=,DcMXqm98cwmrPSpwNe7fXWisW34=
-79,-285,TVW8NaUtWXs7Ryns7BFbad7g8gI=,DcMXqm98cwmrPSpwNe7fXWisW34=
-78,-285,TVW8NaUtWXs7Ryns7BFbad7g8gI=,DcMXqm98cwmrPSpwNe7fXWisW34=
-77,-285,TVW8NaUtWXs7Ryns7BFbad7g8gI=,DcMXqm98cwmrPSpwNe7fXWisW34=
-72,-283,TVW8NaUtWXs7Ryns7BFbad7g8gI=,EaI61N7NO7ZbmDCg/JbnSzw5CPk=
-76,-285,TVW8NaUtWXs7Ryns7BFbad7g8gI=,DcMXqm98cwmrPSpwNe7fXWisW34=
-75,-285,TVW8NaUtWXs7Ryns7BFbad7g8gI=,DcMXqm98cwmrPSpwNe7fXWisW34=
-74,-285,5K8gDQfyyTxKbSc4BX1ChpyyKWY=,DcMXqm98cwmrPSpwNe7fXWisW34=
-73,-285,5K8gDQfyyTxKbSc4BX1ChpyyKWY=,DcMXqm98cwmrPSpwNe7fXWisW34=
-72,-282,5K8gDQfyyTxKbSc4BX1ChpyyKWY=,EaI61N7NO7ZbmDCg/JbnSzw5CPk=
-80,-284,5K8gDQfyyTxKbSc4BX1ChpyyKWY=,DcMXqm98cwmrPSpwNe7fXWisW34=
-79,-284,5K8gDQfyyTxKbSc4BX1ChpyyKWY=,DcMXqm98cwmrPSpwNe7fXWisW34=
-78,-284,5K8gDQfyyTxKbSc4BX1ChpyyKWY=,DcMXqm98cwmrPSpwNe7fXWisW34=
-77,-284,5K8gDQfyyTxKbSc4BX1ChpyyKWY=,DcMXqm98cwmrPSpwNe7fXWisW34=
-76,-284,5K8gDQfyyTxKbSc4BX1ChpyyKWY=,DcMXqm98cwmrPSpwNe7fXWisW34=
-74,-284,5K8gDQfyyTxKbSc4BX1ChpyyKWY=,DcMXqm98cwmrPSpwNe7fXWisW34=
-75,-284,5K8gDQfyyTxKbSc4BX1ChpyyKWY=,DcMXqm98cwmrPSpwNe7fXWisW34=
-73,-284,5K8gDQfyyTxKbSc4BX1ChpyyKWY=,DcMXqm98cwmrPSpwNe7fXWisW34=
-80,-283,5K8gDQfyyTxKbSc4BX1ChpyyKWY=,DcMXqm98cwmrPSpwNe7fXWisW34=
-79,-283,5K8gDQfyyTxKbSc4BX1ChpyyKWY=,DcMXqm98cwmrPSpwNe7fXWisW34=
-77,-283,5K8gDQfyyTxKbSc4BX1ChpyyKWY=,DcMXqm98cwmrPSpwNe7fXWisW34=
-78,-283,5K8gDQfyyTxKbSc4BX1ChpyyKWY=,DcMXqm98cwmrPSpwNe7fXWisW34=
-76,-283,5K8gDQfyyTxKbSc4BX1ChpyyKWY=,DcMXqm98cwmrPSpwNe7fXWisW34=
-80,-282,Cex/ycoOWbf8E8uQlErjyKXltsY=,DcMXqm98cwmrPSpwNe7fXWisW34=
-79,-282,Cex/ycoOWbf8E8uQlErjyKXltsY=,DcMXqm98cwmrPSpwNe7fXWisW34=
-73,-283,Cex/ycoOWbf8E8uQlErjyKXltsY=,DcMXqm98cwmrPSpwNe7fXWisW34=
-78,-282,Cex/ycoOWbf8E8uQlErjyKXltsY=,DcMXqm98cwmrPSpwNe7fXWisW34=
-72,-287,Cex/ycoOWbf8E8uQlErjyKXltsY=,EaI61N7NO7ZbmDCg/JbnSzw5CPk=
-77,-282,ZwVRC6QQ7iDPAziTtiRjESlMpdo=,DcMXqm98cwmrPSpwNe7fXWisW34=
-79,-288,ZwVRC6QQ7iDPAziTtiRjESlMpdo=,DcMXqm98cwmrPSpwNe7fXWisW34=
-78,-288,ZwVRC6QQ7iDPAziTtiRjESlMpdo=,DcMXqm98cwmrPSpwNe7fXWisW34=
-77,-288,ZwVRC6QQ7iDPAziTtiRjESlMpdo=,DcMXqm98cwmrPSpwNe7fXWisW34=
-65,-286,ZwVRC6QQ7iDPAziTtiRjESlMpdo=,EaI61N7NO7ZbmDCg/JbnSzw5CPk=
-65,-285,ZwVRC6QQ7iDPAziTtiRjESlMpdo=,EaI61N7NO7ZbmDCg/JbnSzw5CPk=
-65,-287,ZwVRC6QQ7iDPAziTtiRjESlMpdo=,EaI61N7NO7ZbmDCg/JbnSzw5CPk=
-65,-284,ZwVRC6QQ7iDPAziTtiRjESlMpdo=,EaI61N7NO7ZbmDCg/JbnSzw5CPk=
-80,-288,ZwVRC6QQ7iDPAziTtiRjESlMpdo=,DcMXqm98cwmrPSpwNe7fXWisW34=
-72,-288,ZwVRC6QQ7iDPAziTtiRjESlMpdo=,EaI61N7NO7ZbmDCg/JbnSzw5CPk=
-71,-288,ZwVRC6QQ7iDPAziTtiRjESlMpdo=,EaI61N7NO7ZbmDCg/JbnSzw5CPk=
-70,-288,ZwVRC6QQ7iDPAziTtiRjESlMpdo=,EaI61N7NO7ZbmDCg/JbnSzw5CPk=
-73,-288,ZwVRC6QQ7iDPAziTtiRjESlMpdo=,DcMXqm98cwmrPSpwNe7fXWisW34=
-69,-288,ZwVRC6QQ7iDPAziTtiRjESlMpdo=,EaI61N7NO7ZbmDCg/JbnSzw5CPk=
-68,-288,ZwVRC6QQ7iDPAziTtiRjESlMpdo=,EaI61N7NO7ZbmDCg/JbnSzw5CPk=
-67,-288,ZwVRC6QQ7iDPAziTtiRjESlMpdo=,EaI61N7NO7ZbmDCg/JbnSzw5CPk=
-66,-288,ZwVRC6QQ7iDPAziTtiRjESlMpdo=,EaI61N7NO7ZbmDCg/JbnSzw5CPk=
-65,-288,ZwVRC6QQ7iDPAziTtiRjESlMpdo=,EaI61N7NO7ZbmDCg/JbnSzw5CPk=
-76,-274,ZwVRC6QQ7iDPAziTtiRjESlMpdo=,By3etWWT70ipELWxQMqH/Vw+Bgc=
-75,-274,ZwVRC6QQ7iDPAziTtiRjESlMpdo=,By3etWWT70ipELWxQMqH/Vw+Bgc=
-80,-281,ZwVRC6QQ7iDPAziTtiRjESlMpdo=,DcMXqm98cwmrPSpwNe7fXWisW34=
-78,-281,ZwVRC6QQ7iDPAziTtiRjESlMpdo=,DcMXqm98cwmrPSpwNe7fXWisW34=
-79,-281,ZwVRC6QQ7iDPAziTtiRjESlMpdo=,DcMXqm98cwmrPSpwNe7fXWisW34=
-80,-280,ZwVRC6QQ7iDPAziTtiRjESlMpdo=,By3etWWT70ipELWxQMqH/Vw+Bgc=
-77,-281,ZwVRC6QQ7iDPAziTtiRjESlMpdo=,DcMXqm98cwmrPSpwNe7fXWisW34=
-80,-273,ZwVRC6QQ7iDPAziTtiRjESlMpdo=,By3etWWT70ipELWxQMqH/Vw+Bgc=
-79,-273,ZwVRC6QQ7iDPAziTtiRjESlMpdo=,By3etWWT70ipELWxQMqH/Vw+Bgc=
-79,-280,ZwVRC6QQ7iDPAziTtiRjESlMpdo=,By3etWWT70ipELWxQMqH/Vw+Bgc=
-78,-273,ZwVRC6QQ7iDPAziTtiRjESlMpdo=,By3etWWT70ipELWxQMqH/Vw+Bgc=
-77,-273,ZwVRC6QQ7iDPAziTtiRjESlMpdo=,By3etWWT70ipELWxQMqH/Vw+Bgc=
-76,-273,ZwVRC6QQ7iDPAziTtiRjESlMpdo=,By3etWWT70ipELWxQMqH/Vw+Bgc=
-77,-280,ZwVRC6QQ7iDPAziTtiRjESlMpdo=,By3etWWT70ipELWxQMqH/Vw+Bgc=
-78,-280,ZwVRC6QQ7iDPAziTtiRjESlMpdo=,By3etWWT70ipELWxQMqH/Vw+Bgc=
-80,-279,ZwVRC6QQ7iDPAziTtiRjESlMpdo=,By3etWWT70ipELWxQMqH/Vw+Bgc=
-79,-279,ZwVRC6QQ7iDPAziTtiRjESlMpdo=,By3etWWT70ipELWxQMqH/Vw+Bgc=
-78,-279,ZwVRC6QQ7iDPAziTtiRjESlMpdo=,By3etWWT70ipELWxQMqH/Vw+Bgc=
-77,-279,ZwVRC6QQ7iDPAziTtiRjESlMpdo=,By3etWWT70ipELWxQMqH/Vw+Bgc=
-76,-279,ZwVRC6QQ7iDPAziTtiRjESlMpdo=,By3etWWT70ipELWxQMqH/Vw+Bgc=
-80,-278,ZwVRC6QQ7iDPAziTtiRjESlMpdo=,By3etWWT70ipELWxQMqH/Vw+Bgc=
-79,-278,ZwVRC6QQ7iDPAziTtiRjESlMpdo=,By3etWWT70ipELWxQMqH/Vw+Bgc=
-78,-278,ZwVRC6QQ7iDPAziTtiRjESlMpdo=,By3etWWT70ipELWxQMqH/Vw+Bgc=
-77,-278,ZwVRC6QQ7iDPAziTtiRjESlMpdo=,By3etWWT70ipELWxQMqH/Vw+Bgc=
-80,-277,ZwVRC6QQ7iDPAziTtiRjESlMpdo=,By3etWWT70ipELWxQMqH/Vw+Bgc=
-79,-277,ZwVRC6QQ7iDPAziTtiRjESlMpdo=,By3etWWT70ipELWxQMqH/Vw+Bgc=
-80,-276,ZwVRC6QQ7iDPAziTtiRjESlMpdo=,By3etWWT70ipELWxQMqH/Vw+Bgc=
-79,-276,ZwVRC6QQ7iDPAziTtiRjESlMpdo=,By3etWWT70ipELWxQMqH/Vw+Bgc=
-77,-276,ZwVRC6QQ7iDPAziTtiRjESlMpdo=,By3etWWT70ipELWxQMqH/Vw+Bgc=
-80,-275,ZwVRC6QQ7iDPAziTtiRjESlMpdo=,By3etWWT70ipELWxQMqH/Vw+Bgc=
-78,-276,ZwVRC6QQ7iDPAziTtiRjESlMpdo=,By3etWWT70ipELWxQMqH/Vw+Bgc=
-79,-275,ZwVRC6QQ7iDPAziTtiRjESlMpdo=,By3etWWT70ipELWxQMqH/Vw+Bgc=
-78,-275,ZwVRC6QQ7iDPAziTtiRjESlMpdo=,By3etWWT70ipELWxQMqH/Vw+Bgc=
-78,-277,ZwVRC6QQ7iDPAziTtiRjESlMpdo=,By3etWWT70ipELWxQMqH/Vw+Bgc=
-77,-275,ZwVRC6QQ7iDPAziTtiRjESlMpdo=,By3etWWT70ipELWxQMqH/Vw+Bgc=
-76,-275,ZwVRC6QQ7iDPAziTtiRjESlMpdo=,By3etWWT70ipELWxQMqH/Vw+Bgc=
-77,-277,ZwVRC6QQ7iDPAziTtiRjESlMpdo=,By3etWWT70ipELWxQMqH/Vw+Bgc=
-80,-274,ZwVRC6QQ7iDPAziTtiRjESlMpdo=,By3etWWT70ipELWxQMqH/Vw+Bgc=
-79,-274,ZwVRC6QQ7iDPAziTtiRjESlMpdo=,By3etWWT70ipELWxQMqH/Vw+Bgc=
-78,-274,ZwVRC6QQ7iDPAziTtiRjESlMpdo=,By3etWWT70ipELWxQMqH/Vw+Bgc=
-77,-274,ZwVRC6QQ7iDPAziTtiRjESlMpdo=,By3etWWT70ipELWxQMqH/Vw+Bgc=
-76,-282,ZwVRC6QQ7iDPAziTtiRjESlMpdo=,DcMXqm98cwmrPSpwNe7fXWisW34=
-66,-273,ZwVRC6QQ7iDPAziTtiRjESlMpdo=,k0KFZ46XL0eOXosNbh4nyAw8SbY=
-75,-283,ZwVRC6QQ7iDPAziTtiRjESlMpdo=,DcMXqm98cwmrPSpwNe7fXWisW34=
-66,-282,ZwVRC6QQ7iDPAziTtiRjESlMpdo=,EaI61N7NO7ZbmDCg/JbnSzw5CPk=
-74,-283,ZwVRC6QQ7iDPAziTtiRjESlMpdo=,DcMXqm98cwmrPSpwNe7fXWisW34=
-75,-282,ZwVRC6QQ7iDPAziTtiRjESlMpdo=,DcMXqm98cwmrPSpwNe7fXWisW34=
-72,-280,ZwVRC6QQ7iDPAziTtiRjESlMpdo=,k0KFZ46XL0eOXosNbh4nyAw8SbY=
-66,-283,ZwVRC6QQ7iDPAziTtiRjESlMpdo=,EaI61N7NO7ZbmDCg/JbnSzw5CPk=
-70,-282,ZwVRC6QQ7iDPAziTtiRjESlMpdo=,EaI61N7NO7ZbmDCg/JbnSzw5CPk=
-73,-280,ZwVRC6QQ7iDPAziTtiRjESlMpdo=,By3etWWT70ipELWxQMqH/Vw+Bgc=
-71,-282,ZwVRC6QQ7iDPAziTtiRjESlMpdo=,EaI61N7NO7ZbmDCg/JbnSzw5CPk=
-68,-280,ZwVRC6QQ7iDPAziTtiRjESlMpdo=,k0KFZ46XL0eOXosNbh4nyAw8SbY=
-69,-282,ZwVRC6QQ7iDPAziTtiRjESlMpdo=,EaI61N7NO7ZbmDCg/JbnSzw5CPk=
-67,-283,ZwVRC6QQ7iDPAziTtiRjESlMpdo=,EaI61N7NO7ZbmDCg/JbnSzw5CPk=
-67,-275,ZwVRC6QQ7iDPAziTtiRjESlMpdo=,k0KFZ46XL0eOXosNbh4nyAw8SbY=
-67,-282,ZwVRC6QQ7iDPAziTtiRjESlMpdo=,EaI61N7NO7ZbmDCg/JbnSzw5CPk=
-68,-282,ZwVRC6QQ7iDPAziTtiRjESlMpdo=,EaI61N7NO7ZbmDCg/JbnSzw5CPk=
-66,-275,ZwVRC6QQ7iDPAziTtiRjESlMpdo=,k0KFZ46XL0eOXosNbh4nyAw8SbY=
-74,-282,ZwVRC6QQ7iDPAziTtiRjESlMpdo=,DcMXqm98cwmrPSpwNe7fXWisW34=
-73,-273,ZwVRC6QQ7iDPAziTtiRjESlMpdo=,By3etWWT70ipELWxQMqH/Vw+Bgc=
-68,-283,ZwVRC6QQ7iDPAziTtiRjESlMpdo=,EaI61N7NO7ZbmDCg/JbnSzw5CPk=
-69,-283,ZwVRC6QQ7iDPAziTtiRjESlMpdo=,EaI61N7NO7ZbmDCg/JbnSzw5CPk=
-73,-278,ZwVRC6QQ7iDPAziTtiRjESlMpdo=,By3etWWT70ipELWxQMqH/Vw+Bgc=
-70,-273,ZwVRC6QQ7iDPAziTtiRjESlMpdo=,k0KFZ46XL0eOXosNbh4nyAw8SbY=
-65,-283,ZwVRC6QQ7iDPAziTtiRjESlMpdo=,EaI61N7NO7ZbmDCg/JbnSzw5CPk=
-65,-282,ZwVRC6QQ7iDPAziTtiRjESlMpdo=,EaI61N7NO7ZbmDCg/JbnSzw5CPk=
-71,-277,ZwVRC6QQ7iDPAziTtiRjESlMpdo=,k0KFZ46XL0eOXosNbh4nyAw8SbY=
-67,-273,ZwVRC6QQ7iDPAziTtiRjESlMpdo=,k0KFZ46XL0eOXosNbh4nyAw8SbY=
-73,-279,ZwVRC6QQ7iDPAziTtiRjESlMpdo=,By3etWWT70ipELWxQMqH/Vw+Bgc=
-71,-273,ZwVRC6QQ7iDPAziTtiRjESlMpdo=,k0KFZ46XL0eOXosNbh4nyAw8SbY=
-73,-274,ZwVRC6QQ7iDPAziTtiRjESlMpdo=,By3etWWT70ipELWxQMqH/Vw+Bgc=
-71,-278,ZwVRC6QQ7iDPAziTtiRjESlMpdo=,k0KFZ46XL0eOXosNbh4nyAw8SbY=
-67,-274,ZwVRC6QQ7iDPAziTtiRjESlMpdo=,k0KFZ46XL0eOXosNbh4nyAw8SbY=
-65,-281,ZwVRC6QQ7iDPAziTtiRjESlMpdo=,EaI61N7NO7ZbmDCg/JbnSzw5CPk=
-70,-280,ZwVRC6QQ7iDPAziTtiRjESlMpdo=,k0KFZ46XL0eOXosNbh4nyAw8SbY=
-73,-282,ZwVRC6QQ7iDPAziTtiRjESlMpdo=,DcMXqm98cwmrPSpwNe7fXWisW34=
-69,-276,ZwVRC6QQ7iDPAziTtiRjESlMpdo=,k0KFZ46XL0eOXosNbh4nyAw8SbY=
-69,-274,ZwVRC6QQ7iDPAziTtiRjESlMpdo=,k0KFZ46XL0eOXosNbh4nyAw8SbY=
-71,-274,ZwVRC6QQ7iDPAziTtiRjESlMpdo=,k0KFZ46XL0eOXosNbh4nyAw8SbY=
-70,-276,ZwVRC6QQ7iDPAziTtiRjESlMpdo=,k0KFZ46XL0eOXosNbh4nyAw8SbY=
-70,-274,ZwVRC6QQ7iDPAziTtiRjESlMpdo=,k0KFZ46XL0eOXosNbh4nyAw8SbY=
-68,-274,ZwVRC6QQ7iDPAziTtiRjESlMpdo=,k0KFZ46XL0eOXosNbh4nyAw8SbY=
-68,-276,ZwVRC6QQ7iDPAziTtiRjESlMpdo=,k0KFZ46XL0eOXosNbh4nyAw8SbY=
-70,-277,ZwVRC6QQ7iDPAziTtiRjESlMpdo=,k0KFZ46XL0eOXosNbh4nyAw8SbY=
-69,-277,ZwVRC6QQ7iDPAziTtiRjESlMpdo=,k0KFZ46XL0eOXosNbh4nyAw8SbY=
-68,-278,ZwVRC6QQ7iDPAziTtiRjESlMpdo=,k0KFZ46XL0eOXosNbh4nyAw8SbY=
-73,-281,ZwVRC6QQ7iDPAziTtiRjESlMpdo=,DcMXqm98cwmrPSpwNe7fXWisW34=
-69,-273,ZwVRC6QQ7iDPAziTtiRjESlMpdo=,k0KFZ46XL0eOXosNbh4nyAw8SbY=
-67,-280,ZwVRC6QQ7iDPAziTtiRjESlMpdo=,k0KFZ46XL0eOXosNbh4nyAw8SbY=
-72,-278,ZwVRC6QQ7iDPAziTtiRjESlMpdo=,k0KFZ46XL0eOXosNbh4nyAw8SbY=
-73,-276,ZwVRC6QQ7iDPAziTtiRjESlMpdo=,By3etWWT70ipELWxQMqH/Vw+Bgc=
-65,-275,ZwVRC6QQ7iDPAziTtiRjESlMpdo=,k0KFZ46XL0eOXosNbh4nyAw8SbY=
-67,-278,ZwVRC6QQ7iDPAziTtiRjESlMpdo=,k0KFZ46XL0eOXosNbh4nyAw8SbY=
-71,-280,ZwVRC6QQ7iDPAziTtiRjESlMpdo=,k0KFZ46XL0eOXosNbh4nyAw8SbY=
-73,-275,ZwVRC6QQ7iDPAziTtiRjESlMpdo=,By3etWWT70ipELWxQMqH/Vw+Bgc=
-65,-274,ZwVRC6QQ7iDPAziTtiRjESlMpdo=,k0KFZ46XL0eOXosNbh4nyAw8SbY=
-68,-275,ZwVRC6QQ7iDPAziTtiRjESlMpdo=,k0KFZ46XL0eOXosNbh4nyAw8SbY=
-68,-273,ZwVRC6QQ7iDPAziTtiRjESlMpdo=,k0KFZ46XL0eOXosNbh4nyAw8SbY=
-71,-281,ZwVRC6QQ7iDPAziTtiRjESlMpdo=,EaI61N7NO7ZbmDCg/JbnSzw5CPk=
-72,-273,ZwVRC6QQ7iDPAziTtiRjESlMpdo=,k0KFZ46XL0eOXosNbh4nyAw8SbY=
-72,-274,ZwVRC6QQ7iDPAziTtiRjESlMpdo=,k0KFZ46XL0eOXosNbh4nyAw8SbY=
-69,-278,ZwVRC6QQ7iDPAziTtiRjESlMpdo=,k0KFZ46XL0eOXosNbh4nyAw8SbY=
-67,-276,ZwVRC6QQ7iDPAziTtiRjESlMpdo=,k0KFZ46XL0eOXosNbh4nyAw8SbY=
-66,-279,ZwVRC6QQ7iDPAziTtiRjESlMpdo=,k0KFZ46XL0eOXosNbh4nyAw8SbY=
-72,-281,ZwVRC6QQ7iDPAziTtiRjESlMpdo=,EaI61N7NO7ZbmDCg/JbnSzw5CPk=
-73,-277,ZwVRC6QQ7iDPAziTtiRjESlMpdo=,By3etWWT70ipELWxQMqH/Vw+Bgc=
-68,-279,ZwVRC6QQ7iDPAziTtiRjESlMpdo=,k0KFZ46XL0eOXosNbh4nyAw8SbY=
-65,-278,ZwVRC6QQ7iDPAziTtiRjESlMpdo=,k0KFZ46XL0eOXosNbh4nyAw8SbY=
-70,-279,ZwVRC6QQ7iDPAziTtiRjESlMpdo=,k0KFZ46XL0eOXosNbh4nyAw8SbY=
-66,-278,ZwVRC6QQ7iDPAziTtiRjESlMpdo=,k0KFZ46XL0eOXosNbh4nyAw8SbY=
-65,-279,ZwVRC6QQ7iDPAziTtiRjESlMpdo=,k0KFZ46XL0eOXosNbh4nyAw8SbY=
-72,-277,ZwVRC6QQ7iDPAziTtiRjESlMpdo=,k0KFZ46XL0eOXosNbh4nyAw8SbY=
-71,-279,ZwVRC6QQ7iDPAziTtiRjESlMpdo=,k0KFZ46XL0eOXosNbh4nyAw8SbY=
-66,-276,ZwVRC6QQ7iDPAziTtiRjESlMpdo=,k0KFZ46XL0eOXosNbh4nyAw8SbY=
-74,-277,ZwVRC6QQ7iDPAziTtiRjESlMpdo=,By3etWWT70ipELWxQMqH/Vw+Bgc=
-66,-274,ZwVRC6QQ7iDPAziTtiRjESlMpdo=,k0KFZ46XL0eOXosNbh4nyAw8SbY=
-69,-279,ZwVRC6QQ7iDPAziTtiRjESlMpdo=,k0KFZ46XL0eOXosNbh4nyAw8SbY=
-65,-276,ZwVRC6QQ7iDPAziTtiRjESlMpdo=,k0KFZ46XL0eOXosNbh4nyAw8SbY=
-70,-278,ZwVRC6QQ7iDPAziTtiRjESlMpdo=,k0KFZ46XL0eOXosNbh4nyAw8SbY=
-67,-277,ZwVRC6QQ7iDPAziTtiRjESlMpdo=,k0KFZ46XL0eOXosNbh4nyAw8SbY=
-75,-277,ZwVRC6QQ7iDPAziTtiRjESlMpdo=,By3etWWT70ipELWxQMqH/Vw+Bgc=
-70,-281,ZwVRC6QQ7iDPAziTtiRjESlMpdo=,EaI61N7NO7ZbmDCg/JbnSzw5CPk=
-65,-273,ZwVRC6QQ7iDPAziTtiRjESlMpdo=,k0KFZ46XL0eOXosNbh4nyAw8SbY=
-69,-280,ZwVRC6QQ7iDPAziTtiRjESlMpdo=,k0KFZ46XL0eOXosNbh4nyAw8SbY=
-68,-281,ZwVRC6QQ7iDPAziTtiRjESlMpdo=,EaI61N7NO7ZbmDCg/JbnSzw5CPk=
-72,-279,ZwVRC6QQ7iDPAziTtiRjESlMpdo=,k0KFZ46XL0eOXosNbh4nyAw8SbY=
-68,-277,ZwVRC6QQ7iDPAziTtiRjESlMpdo=,k0KFZ46XL0eOXosNbh4nyAw8SbY=
-66,-277,ZwVRC6QQ7iDPAziTtiRjESlMpdo=,k0KFZ46XL0eOXosNbh4nyAw8SbY=
-65,-280,ZwVRC6QQ7iDPAziTtiRjESlMpdo=,k0KFZ46XL0eOXosNbh4nyAw8SbY=
-69,-281,ZwVRC6QQ7iDPAziTtiRjESlMpdo=,EaI61N7NO7ZbmDCg/JbnSzw5CPk=
-67,-281,ZwVRC6QQ7iDPAziTtiRjESlMpdo=,EaI61N7NO7ZbmDCg/JbnSzw5CPk=
-66,-281,ZwVRC6QQ7iDPAziTtiRjESlMpdo=,EaI61N7NO7ZbmDCg/JbnSzw5CPk=
-71,-275,ZwVRC6QQ7iDPAziTtiRjESlMpdo=,k0KFZ46XL0eOXosNbh4nyAw8SbY=
-76,-277,ZwVRC6QQ7iDPAziTtiRjESlMpdo=,By3etWWT70ipELWxQMqH/Vw+Bgc=
-74,-274,ZwVRC6QQ7iDPAziTtiRjESlMpdo=,By3etWWT70ipELWxQMqH/Vw+Bgc=
-72,-276,ZwVRC6QQ7iDPAziTtiRjESlMpdo=,k0KFZ46XL0eOXosNbh4nyAw8SbY=
-66,-280,ZwVRC6QQ7iDPAziTtiRjESlMpdo=,k0KFZ46XL0eOXosNbh4nyAw8SbY=
-67,-279,ZwVRC6QQ7iDPAziTtiRjESlMpdo=,k0KFZ46XL0eOXosNbh4nyAw8SbY=
-71,-276,ZwVRC6QQ7iDPAziTtiRjESlMpdo=,k0KFZ46XL0eOXosNbh4nyAw8SbY=
-65,-277,ZwVRC6QQ7iDPAziTtiRjESlMpdo=,k0KFZ46XL0eOXosNbh4nyAw8SbY=
-75,-275,ZwVRC6QQ7iDPAziTtiRjESlMpdo=,By3etWWT70ipELWxQMqH/Vw+Bgc=
-70,-275,ZwVRC6QQ7iDPAziTtiRjESlMpdo=,k0KFZ46XL0eOXosNbh4nyAw8SbY=
-69,-275,ZwVRC6QQ7iDPAziTtiRjESlMpdo=,k0KFZ46XL0eOXosNbh4nyAw8SbY=
-74,-275,ZwVRC6QQ7iDPAziTtiRjESlMpdo=,By3etWWT70ipELWxQMqH/Vw+Bgc=
-72,-275,ZwVRC6QQ7iDPAziTtiRjESlMpdo=,k0KFZ46XL0eOXosNbh4nyAw8SbY=
-76,-276,ZwVRC6QQ7iDPAziTtiRjESlMpdo=,By3etWWT70ipELWxQMqH/Vw+Bgc=
-75,-278,ZwVRC6QQ7iDPAziTtiRjESlMpdo=,By3etWWT70ipELWxQMqH/Vw+Bgc=
-76,-278,ZwVRC6QQ7iDPAziTtiRjESlMpdo=,By3etWWT70ipELWxQMqH/Vw+Bgc=
-74,-276,ZwVRC6QQ7iDPAziTtiRjESlMpdo=,By3etWWT70ipELWxQMqH/Vw+Bgc=
-75,-276,ZwVRC6QQ7iDPAziTtiRjESlMpdo=,By3etWWT70ipELWxQMqH/Vw+Bgc=
-76,-280,ZwVRC6QQ7iDPAziTtiRjESlMpdo=,By3etWWT70ipELWxQMqH/Vw+Bgc=
-74,-278,ZwVRC6QQ7iDPAziTtiRjESlMpdo=,By3etWWT70ipELWxQMqH/Vw+Bgc=
-75,-279,ZwVRC6QQ7iDPAziTtiRjESlMpdo=,By3etWWT70ipELWxQMqH/Vw+Bgc=
-75,-273,ZwVRC6QQ7iDPAziTtiRjESlMpdo=,By3etWWT70ipELWxQMqH/Vw+Bgc=
-76,-281,ZwVRC6QQ7iDPAziTtiRjESlMpdo=,DcMXqm98cwmrPSpwNe7fXWisW34=
-74,-273,ZwVRC6QQ7iDPAziTtiRjESlMpdo=,By3etWWT70ipELWxQMqH/Vw+Bgc=
-75,-280,ZwVRC6QQ7iDPAziTtiRjESlMpdo=,By3etWWT70ipELWxQMqH/Vw+Bgc=
-74,-279,ZwVRC6QQ7iDPAziTtiRjESlMpdo=,By3etWWT70ipELWxQMqH/Vw+Bgc=
-75,-281,ZwVRC6QQ7iDPAziTtiRjESlMpdo=,DcMXqm98cwmrPSpwNe7fXWisW34=
-74,-280,ZwVRC6QQ7iDPAziTtiRjESlMpdo=,By3etWWT70ipELWxQMqH/Vw+Bgc=
-74,-281,ZwVRC6QQ7iDPAziTtiRjESlMpdo=,DcMXqm98cwmrPSpwNe7fXWisW34=
