7,-122,V7XqEfpvuO6VbeEB5uRZwJhyfkE=,uc6ZamuTVIPpqTGlzLgPbAvHGxo=
6,-122,V7XqEfpvuO6VbeEB5uRZwJhyfkE=,uc6ZamuTVIPpqTGlzLgPbAvHGxo=
5,-122,V7XqEfpvuO6VbeEB5uRZwJhyfkE=,uc6ZamuTVIPpqTGlzLgPbAvHGxo=
3,-128,V7XqEfpvuO6VbeEB5uRZwJhyfkE=,uc6ZamuTVIPpqTGlzLgPbAvHGxo=
6,-123,V7XqEfpvuO6VbeEB5uRZwJhyfkE=,uc6ZamuTVIPpqTGlzLgPbAvHGxo=
7,-123,V7XqEfpvuO6VbeEB5uRZwJhyfkE=,uc6ZamuTVIPpqTGlzLgPbAvHGxo=
5,-123,V7XqEfpvuO6VbeEB5uRZwJhyfkE=,uc6ZamuTVIPpqTGlzLgPbAvHGxo=
4,-123,V7XqEfpvuO6VbeEB5uRZwJhyfkE=,uc6ZamuTVIPpqTGlzLgPbAvHGxo=
4,-128,V7XqEfpvuO6VbeEB5uRZwJhyfkE=,uc6ZamuTVIPpqTGlzLgPbAvHGxo=
7,-124,V7XqEfpvuO6VbeEB5uRZwJhyfkE=,uc6ZamuTVIPpqTGlzLgPbAvHGxo=
6,-124,V7XqEfpvuO6VbeEB5uRZwJhyfkE=,uc6ZamuTVIPpqTGlzLgPbAvHGxo=
5,-124,V7XqEfpvuO6VbeEB5uRZwJhyfkE=,uc6ZamuTVIPpqTGlzLgPbAvHGxo=
4,-124,V7XqEfpvuO6VbeEB5uRZwJhyfkE=,uc6ZamuTVIPpqTGlzLgPbAvHGxo=
5,-128,V7XqEfpvuO6VbeEB5uRZwJhyfkE=,uc6ZamuTVIPpqTGlzLgPbAvHGxo=
6,-128,V7XqEfpvuO6VbeEB5uRZwJhyfkE=,uc6ZamuTVIPpqTGlzLgPbAvHGxo=
7,-125,V7XqEfpvuO6VbeEB5uRZwJhyfkE=,uc6ZamuTVIPpqTGlzLgPbAvHGxo=
5,-125,V7XqEfpvuO6VbeEB5uRZwJhyfkE=,uc6ZamuTVIPpqTGlzLgPbAvHGxo=
6,-125,V7XqEfpvuO6VbeEB5uRZwJhyfkE=,uc6ZamuTVIPpqTGlzLgPbAvHGxo=
4,-125,V7XqEfpvuO6VbeEB5uRZwJhyfkE=,uc6ZamuTVIPpqTGlzLgPbAvHGxo=
3,-125,V7XqEfpvuO6VbeEB5uRZwJhyfkE=,uc6ZamuTVIPpqTGlzLgPbAvHGxo=
4,-127,V7XqEfpvuO6VbeEB5uRZwJhyfkE=,uc6ZamuTVIPpqTGlzLgPbAvHGxo=
7,-126,V7XqEfpvuO6VbeEB5uRZwJhyfkE=,uc6ZamuTVIPpqTGlzLgPbAvHGxo=
6,-126,V7XqEfpvuO6VbeEB5uRZwJhyfkE=,uc6ZamuTVIPpqTGlzLgPbAvHGxo=
5,-126,V7XqEfpvuO6VbeEB5uRZwJhyfkE=,uc6ZamuTVIPpqTGlzLgPbAvHGxo=
4,-126,V7XqEfpvuO6VbeEB5uRZwJhyfkE=,uc6ZamuTVIPpqTGlzLgPbAvHGxo=
5,-127,V7XqEfpvuO6VbeEB5uRZwJhyfkE=,uc6ZamuTVIPpqTGlzLgPbAvHGxo=
3,-126,V7XqEfpvuO6VbeEB5uRZwJhyfkE=,uc6ZamuTVIPpqTGlzLgPbAvHGxo=
7,-127,V7XqEfpvuO6VbeEB5uRZwJhyfkE=,uc6ZamuTVIPpqTGlzLgPbAvHGxo=
6,-127,V7XqEfpvuO6VbeEB5uRZwJhyfkE=,uc6ZamuTVIPpqTGlzLgPbAvHGxo=
7,-128,V7XqEfpvuO6VbeEB5uRZwJhyfkE=,uc6ZamuTVIPpqTGlzLgPbAvHGxo=
3,-127,V7XqEfpvuO6VbeEB5uRZwJhyfkE=,uc6ZamuTVIPpqTGlzLgPbAvHGxo=
2,-127,V7XqEfpvuO6VbeEB5uRZwJhyfkE=,uc6ZamuTVIPpqTGlzLgPbAvHGxo=
2,-125,V7XqEfpvuO6VbeEB5uRZwJhyfkE=,uc6ZamuTVIPpqTGlzLgPbAvHGxo=
2,-128,V7XqEfpvuO6VbeEB5uRZwJhyfkE=,uc6ZamuTVIPpqTGlzLgPbAvHGxo=
1,-127,V7XqEfpvuO6VbeEB5uRZwJhyfkE=,uc6ZamuTVIPpqTGlzLgPbAvHGxo=
2,-126,V7XqEfpvuO6VbeEB5uRZwJhyfkE=,uc6ZamuTVIPpqTGlzLgPbAvHGxo=
1,-126,V7XqEfpvuO6VbeEB5uRZwJhyfkE=,uc6ZamuTVIPpqTGlzLgPbAvHGxo=
1,-125,V7XqEfpvuO6VbeEB5uRZwJhyfkE=,uc6ZamuTVIPpqTGlzLgPbAvHGxo=
1,-128,V7XqEfpvuO6VbeEB5uRZwJhyfkE=,uc6ZamuTVIPpqTGlzLgPbAvHGxo=
0,-128,V7XqEfpvuO6VbeEB5uRZwJhyfkE=,uc6ZamuTVIPpqTGlzLgPbAvHGxo=
0,-127,D9WIonAAu2sn5imzMOgx8epuqrw=,uc6ZamuTVIPpqTGlzLgPbAvHGxo=
4,-119,D9WIonAAu2sn5imzMOgx8epuqrw=,l91qoUOy4Vw9OM/t2sVEeD/DC9w=
5,-120,D9WIonAAu2sn5imzMOgx8epuqrw=,l91qoUOy4Vw9OM/t2sVEeD/DC9w=
5,-113,D9WIonAAu2sn5imzMOgx8epuqrw=,l91qoUOy4Vw9OM/t2sVEeD/DC9w=
4,-113,D9WIonAAu2sn5imzMOgx8epuqrw=,l91qoUOy4Vw9OM/t2sVEeD/DC9w=
5,-119,D9WIonAAu2sn5imzMOgx8epuqrw=,l91qoUOy4Vw9OM/t2sVEeD/DC9w=
6,-121,D9WIonAAu2sn5imzMOgx8epuqrw=,uc6ZamuTVIPpqTGlzLgPbAvHGxo=
6,-119,D9WIonAAu2sn5imzMOgx8epuqrw=,l91qoUOy4Vw9OM/t2sVEeD/DC9w=
5,-121,D9WIonAAu2sn5imzMOgx8epuqrw=,uc6ZamuTVIPpqTGlzLgPbAvHGxo=
0,-126,D9WIonAAu2sn5imzMOgx8epuqrw=,uc6ZamuTVIPpqTGlzLgPbAvHGxo=
3,-115,D9WIonAAu2sn5imzMOgx8epuqrw=,l91qoUOy4Vw9OM/t2sVEeD/DC9w=
0,-125,D9WIonAAu2sn5imzMOgx8epuqrw=,uc6ZamuTVIPpqTGlzLgPbAvHGxo=
2,-115,SKbjs7IXX9qyvheXcaerMJ96IPc=,l91qoUOy4Vw9OM/t2sVEeD/DC9w=
3,-118,SKbjs7IXX9qyvheXcaerMJ96IPc=,l91qoUOy4Vw9OM/t2sVEeD/DC9w=
3,-122,SKbjs7IXX9qyvheXcaerMJ96IPc=,uc6ZamuTVIPpqTGlzLgPbAvHGxo=
0,-114,SKbjs7IXX9qyvheXcaerMJ96IPc=,l91qoUOy4Vw9OM/t2sVEeD/DC9w=
3,-123,SKbjs7IXX9qyvheXcaerMJ96IPc=,uc6ZamuTVIPpqTGlzLgPbAvHGxo=
2,-122,SKbjs7IXX9qyvheXcaerMJ96IPc=,uc6ZamuTVIPpqTGlzLgPbAvHGxo=
1,-115,SKbjs7IXX9qyvheXcaerMJ96IPc=,l91qoUOy4Vw9OM/t2sVEeD/DC9w=
0,-115,SKbjs7IXX9qyvheXcaerMJ96IPc=,l91qoUOy4Vw9OM/t2sVEeD/DC9w=
3,-124,3a7QYUoo0/osrfabqJPKOq2uVwA=,uc6ZamuTVIPpqTGlzLgPbAvHGxo=
2,-123,3a7QYUoo0/osrfabqJPKOq2uVwA=,uc6ZamuTVIPpqTGlzLgPbAvHGxo=
3,-116,3a7QYUoo0/osrfabqJPKOq2uVwA=,l91qoUOy4Vw9OM/t2sVEeD/DC9w=
0,-117,3a7QYUoo0/osrfabqJPKOq2uVwA=,l91qoUOy4Vw9OM/t2sVEeD/DC9w=
2,-116,jdAh4p9W+awD0wbS7L3CajY1BL0=,l91qoUOy4Vw9OM/t2sVEeD/DC9w=
1,-122,jdAh4p9W+awD0wbS7L3CajY1BL0=,uc6ZamuTVIPpqTGlzLgPbAvHGxo=
2,-124,3UELRedcwN+ribqfNF0WDjM/h+k=,uc6ZamuTVIPpqTGlzLgPbAvHGxo=
1,-123,3UELRedcwN+ribqfNF0WDjM/h+k=,uc6ZamuTVIPpqTGlzLgPbAvHGxo=
2,-118,3UELRedcwN+ribqfNF0WDjM/h+k=,l91qoUOy4Vw9OM/t2sVEeD/DC9w=
1,-124,3UELRedcwN+ribqfNF0WDjM/h+k=,uc6ZamuTVIPpqTGlzLgPbAvHGxo=
0,-123,3UELRedcwN+ribqfNF0WDjM/h+k=,uc6ZamuTVIPpqTGlzLgPbAvHGxo=
1,-117,1qehNeRjEVtQ1Az7U/DwNvp+aOc=,l91qoUOy4Vw9OM/t2sVEeD/DC9w=
3,-119,1qehNeRjEVtQ1Az7U/DwNvp+aOc=,l91qoUOy4Vw9OM/t2sVEeD/DC9w=
2,-119,1qehNeRjEVtQ1Az7U/DwNvp+aOc=,l91qoUOy4Vw9OM/t2sVEeD/DC9w=
0,-122,1qehNeRjEVtQ1Az7U/DwNvp+aOc=,uc6ZamuTVIPpqTGlzLgPbAvHGxo=
0,-124,RrDfFdTWurM4ab298QDSZh+MtWE=,uc6ZamuTVIPpqTGlzLgPbAvHGxo=
3,-114,RrDfFdTWurM4ab298QDSZh+MtWE=,l91qoUOy4Vw9OM/t2sVEeD/DC9w=
1,-119,Qzamw1T4M/OXu/GktEcz8xMfnBw=,l91qoUOy4Vw9OM/t2sVEeD/DC9w=
2,-114,ROVcUzNqca3hh3pveXNyyiV4fag=,l91qoUOy4Vw9OM/t2sVEeD/DC9w=
0,-113,ROVcUzNqca3hh3pveXNyyiV4fag=,l91qoUOy4Vw9OM/t2sVEeD/DC9w=
2,-117,ROVcUzNqca3hh3pveXNyyiV4fag=,l91qoUOy4Vw9OM/t2sVEeD/DC9w=
1,-114,ROVcUzNqca3hh3pveXNyyiV4fag=,l91qoUOy4Vw9OM/t2sVEeD/DC9w=
2,-121,ROVcUzNqca3hh3pveXNyyiV4fag=,uc6ZamuTVIPpqTGlzLgPbAvHGxo=
1,-113,ROVcUzNqca3hh3pveXNyyiV4fag=,l91qoUOy4Vw9OM/t2sVEeD/DC9w=
2,-113,ROVcUzNqca3hh3pveXNyyiV4fag=,l91qoUOy4Vw9OM/t2sVEeD/DC9w=
0,-118,ROVcUzNqca3hh3pveXNyyiV4fag=,l91qoUOy4Vw9OM/t2sVEeD/DC9w=
3,-120,ROVcUzNqca3hh3pveXNyyiV4fag=,l91qoUOy4Vw9OM/t2sVEeD/DC9w=
1,-118,ROVcUzNqca3hh3pveXNyyiV4fag=,l91qoUOy4Vw9OM/t2sVEeD/DC9w=
3,-113,ROVcUzNqca3hh3pveXNyyiV4fag=,l91qoUOy4Vw9OM/t2sVEeD/DC9w=
1,-121,ROVcUzNqca3hh3pveXNyyiV4fag=,uc6ZamuTVIPpqTGlzLgPbAvHGxo=
3,-121,ROVcUzNqca3hh3pveXNyyiV4fag=,uc6ZamuTVIPpqTGlzLgPbAvHGxo=
3,-117,ROVcUzNqca3hh3pveXNyyiV4fag=,l91qoUOy4Vw9OM/t2sVEeD/DC9w=
2,-120,ROVcUzNqca3hh3pveXNyyiV4fag=,l91qoUOy4Vw9OM/t2sVEeD/DC9w=
1,-116,ROVcUzNqca3hh3pveXNyyiV4fag=,l91qoUOy4Vw9OM/t2sVEeD/DC9w=
0,-121,ROVcUzNqca3hh3pveXNyyiV4fag=,uc6ZamuTVIPpqTGlzLgPbAvHGxo=
1,-120,ROVcUzNqca3hh3pveXNyyiV4fag=,l91qoUOy4Vw9OM/t2sVEeD/DC9w=
0,-119,ROVcUzNqca3hh3pveXNyyiV4fag=,l91qoUOy4Vw9OM/t2sVEeD/DC9w=
0,-120,ROVcUzNqca3hh3pveXNyyiV4fag=,l91qoUOy4Vw9OM/t2sVEeD/DC9w=
0,-116,ROVcUzNqca3hh3pveXNyyiV4fag=,l91qoUOy4Vw9OM/t2sVEeD/DC9w=
15,-113,ROVcUzNqca3hh3pveXNyyiV4fag=,UppCBQLl6ArvMiwj6V8R2epihFg=
12,-120,ROVcUzNqca3hh3pveXNyyiV4fag=,UppCBQLl6ArvMiwj6V8R2epihFg=
15,-114,ROVcUzNqca3hh3pveXNyyiV4fag=,UppCBQLl6ArvMiwj6V8R2epihFg=
14,-114,ROVcUzNqca3hh3pveXNyyiV4fag=,UppCBQLl6ArvMiwj6V8R2epihFg=
14,-113,ROVcUzNqca3hh3pveXNyyiV4fag=,UppCBQLl6ArvMiwj6V8R2epihFg=
15,-118,ROVcUzNqca3hh3pveXNyyiV4fag=,UppCBQLl6ArvMiwj6V8R2epihFg=
13,-115,ROVcUzNqca3hh3pveXNyyiV4fag=,UppCBQLl6ArvMiwj6V8R2epihFg=
14,-119,ROVcUzNqca3hh3pveXNyyiV4fag=,UppCBQLl6ArvMiwj6V8R2epihFg=
7,-119,ROVcUzNqca3hh3pveXNyyiV4fag=,l91qoUOy4Vw9OM/t2sVEeD/DC9w=
7,-121,ROVcUzNqca3hh3pveXNyyiV4fag=,uc6ZamuTVIPpqTGlzLgPbAvHGxo=
15,-119,ROVcUzNqca3hh3pveXNyyiV4fag=,UppCBQLl6ArvMiwj6V8R2epihFg=
12,-115,ROVcUzNqca3hh3pveXNyyiV4fag=,UppCBQLl6ArvMiwj6V8R2epihFg=
11,-120,ROVcUzNqca3hh3pveXNyyiV4fag=,UppCBQLl6ArvMiwj6V8R2epihFg=
13,-118,ROVcUzNqca3hh3pveXNyyiV4fag=,UppCBQLl6ArvMiwj6V8R2epihFg=
13,-120,ROVcUzNqca3hh3pveXNyyiV4fag=,UppCBQLl6ArvMiwj6V8R2epihFg=
13,-119,ROVcUzNqca3hh3pveXNyyiV4fag=,UppCBQLl6ArvMiwj6V8R2epihFg=
14,-118,ROVcUzNqca3hh3pveXNyyiV4fag=,UppCBQLl6ArvMiwj6V8R2epihFg=
12,-119,ROVcUzNqca3hh3pveXNyyiV4fag=,UppCBQLl6ArvMiwj6V8R2epihFg=
15,-115,ROVcUzNqca3hh3pveXNyyiV4fag=,UppCBQLl6ArvMiwj6V8R2epihFg=
11,-119,ROVcUzNqca3hh3pveXNyyiV4fag=,UppCBQLl6ArvMiwj6V8R2epihFg=
12,-118,ROVcUzNqca3hh3pveXNyyiV4fag=,UppCBQLl6ArvMiwj6V8R2epihFg=
13,-117,ROVcUzNqca3hh3pveXNyyiV4fag=,UppCBQLl6ArvMiwj6V8R2epihFg=
11,-118,ROVcUzNqca3hh3pveXNyyiV4fag=,UppCBQLl6ArvMiwj6V8R2epihFg=
14,-116,ROVcUzNqca3hh3pveXNyyiV4fag=,UppCBQLl6ArvMiwj6V8R2epihFg=
13,-116,ROVcUzNqca3hh3pveXNyyiV4fag=,UppCBQLl6ArvMiwj6V8R2epihFg=
15,-120,ROVcUzNqca3hh3pveXNyyiV4fag=,UppCBQLl6ArvMiwj6V8R2epihFg=
10,-120,ROVcUzNqca3hh3pveXNyyiV4fag=,UppCBQLl6ArvMiwj6V8R2epihFg=
14,-120,ROVcUzNqca3hh3pveXNyyiV4fag=,UppCBQLl6ArvMiwj6V8R2epihFg=
15,-116,ROVcUzNqca3hh3pveXNyyiV4fag=,UppCBQLl6ArvMiwj6V8R2epihFg=
14,-115,ROVcUzNqca3hh3pveXNyyiV4fag=,UppCBQLl6ArvMiwj6V8R2epihFg=
14,-117,ROVcUzNqca3hh3pveXNyyiV4fag=,UppCBQLl6ArvMiwj6V8R2epihFg=
12,-116,ROVcUzNqca3hh3pveXNyyiV4fag=,UppCBQLl6ArvMiwj6V8R2epihFg=
12,-117,ROVcUzNqca3hh3pveXNyyiV4fag=,UppCBQLl6ArvMiwj6V8R2epihFg=
6,-120,ROVcUzNqca3hh3pveXNyyiV4fag=,l91qoUOy4Vw9OM/t2sVEeD/DC9w=
4,-120,ROVcUzNqca3hh3pveXNyyiV4fag=,l91qoUOy4Vw9OM/t2sVEeD/DC9w=
15,-117,ROVcUzNqca3hh3pveXNyyiV4fag=,UppCBQLl6ArvMiwj6V8R2epihFg=
4,-122,ROVcUzNqca3hh3pveXNyyiV4fag=,uc6ZamuTVIPpqTGlzLgPbAvHGxo=
8,-118,ROVcUzNqca3hh3pveXNyyiV4fag=,UppCBQLl6ArvMiwj6V8R2epihFg=
6,-113,ROVcUzNqca3hh3pveXNyyiV4fag=,l91qoUOy4Vw9OM/t2sVEeD/DC9w=
4,-121,ROVcUzNqca3hh3pveXNyyiV4fag=,uc6ZamuTVIPpqTGlzLgPbAvHGxo=
4,-114,ROVcUzNqca3hh3pveXNyyiV4fag=,l91qoUOy4Vw9OM/t2sVEeD/DC9w=
7,-118,ROVcUzNqca3hh3pveXNyyiV4fag=,l91qoUOy4Vw9OM/t2sVEeD/DC9w=
5,-118,ROVcUzNqca3hh3pveXNyyiV4fag=,l91qoUOy4Vw9OM/t2sVEeD/DC9w=
4,-118,ROVcUzNqca3hh3pveXNyyiV4fag=,l91qoUOy4Vw9OM/t2sVEeD/DC9w=
6,-115,ROVcUzNqca3hh3pveXNyyiV4fag=,l91qoUOy4Vw9OM/t2sVEeD/DC9w=
5,-117,ROVcUzNqca3hh3pveXNyyiV4fag=,l91qoUOy4Vw9OM/t2sVEeD/DC9w=
4,-115,ROVcUzNqca3hh3pveXNyyiV4fag=,l91qoUOy4Vw9OM/t2sVEeD/DC9w=
4,-117,ROVcUzNqca3hh3pveXNyyiV4fag=,l91qoUOy4Vw9OM/t2sVEeD/DC9w=
6,-114,ROVcUzNqca3hh3pveXNyyiV4fag=,l91qoUOy4Vw9OM/t2sVEeD/DC9w=
6,-118,ROVcUzNqca3hh3pveXNyyiV4fag=,l91qoUOy4Vw9OM/t2sVEeD/DC9w=
5,-114,ROVcUzNqca3hh3pveXNyyiV4fag=,l91qoUOy4Vw9OM/t2sVEeD/DC9w=
11,-117,ROVcUzNqca3hh3pveXNyyiV4fag=,UppCBQLl6ArvMiwj6V8R2epihFg=
4,-116,ROVcUzNqca3hh3pveXNyyiV4fag=,l91qoUOy4Vw9OM/t2sVEeD/DC9w=
8,-120,ROVcUzNqca3hh3pveXNyyiV4fag=,UppCBQLl6ArvMiwj6V8R2epihFg=
5,-116,ROVcUzNqca3hh3pveXNyyiV4fag=,l91qoUOy4Vw9OM/t2sVEeD/DC9w=
10,-119,ROVcUzNqca3hh3pveXNyyiV4fag=,UppCBQLl6ArvMiwj6V8R2epihFg=
9,-120,ROVcUzNqca3hh3pveXNyyiV4fag=,UppCBQLl6ArvMiwj6V8R2epihFg=
6,-117,ROVcUzNqca3hh3pveXNyyiV4fag=,l91qoUOy4Vw9OM/t2sVEeD/DC9w=
10,-118,ROVcUzNqca3hh3pveXNyyiV4fag=,UppCBQLl6ArvMiwj6V8R2epihFg=
9,-119,ROVcUzNqca3hh3pveXNyyiV4fag=,UppCBQLl6ArvMiwj6V8R2epihFg=
8,-119,ROVcUzNqca3hh3pveXNyyiV4fag=,UppCBQLl6ArvMiwj6V8R2epihFg=
9,-118,ROVcUzNqca3hh3pveXNyyiV4fag=,UppCBQLl6ArvMiwj6V8R2epihFg=
5,-115,ROVcUzNqca3hh3pveXNyyiV4fag=,l91qoUOy4Vw9OM/t2sVEeD/DC9w=
6,-116,ROVcUzNqca3hh3pveXNyyiV4fag=,l91qoUOy4Vw9OM/t2sVEeD/DC9w=
9,-116,ROVcUzNqca3hh3pveXNyyiV4fag=,UppCBQLl6ArvMiwj6V8R2epihFg=
8,-115,ROVcUzNqca3hh3pveXNyyiV4fag=,UppCBQLl6ArvMiwj6V8R2epihFg=
12,-114,ROVcUzNqca3hh3pveXNyyiV4fag=,UppCBQLl6ArvMiwj6V8R2epihFg=
10,-116,ROVcUzNqca3hh3pveXNyyiV4fag=,UppCBQLl6ArvMiwj6V8R2epihFg=
8,-116,ROVcUzNqca3hh3pveXNyyiV4fag=,UppCBQLl6ArvMiwj6V8R2epihFg=
11,-115,ROVcUzNqca3hh3pveXNyyiV4fag=,UppCBQLl6ArvMiwj6V8R2epihFg=
10,-115,ROVcUzNqca3hh3pveXNyyiV4fag=,UppCBQLl6ArvMiwj6V8R2epihFg=
9,-115,ROVcUzNqca3hh3pveXNyyiV4fag=,UppCBQLl6ArvMiwj6V8R2epihFg=
10,-114,ROVcUzNqca3hh3pveXNyyiV4fag=,UppCBQLl6ArvMiwj6V8R2epihFg=
9,-114,ROVcUzNqca3hh3pveXNyyiV4fag=,UppCBQLl6ArvMiwj6V8R2epihFg=
13,-114,ROVcUzNqca3hh3pveXNyyiV4fag=,UppCBQLl6ArvMiwj6V8R2epihFg=
8,-114,ROVcUzNqca3hh3pveXNyyiV4fag=,UppCBQLl6ArvMiwj6V8R2epihFg=
11,-113,ROVcUzNqca3hh3pveXNyyiV4fag=,UppCBQLl6ArvMiwj6V8R2epihFg=
13,-113,ROVcUzNqca3hh3pveXNyyiV4fag=,UppCBQLl6ArvMiwj6V8R2epihFg=
11,-116,ROVcUzNqca3hh3pveXNyyiV4fag=,UppCBQLl6ArvMiwj6V8R2epihFg=
11,-114,ROVcUzNqca3hh3pveXNyyiV4fag=,UppCBQLl6ArvMiwj6V8R2epihFg=
10,-117,ROVcUzNqca3hh3pveXNyyiV4fag=,UppCBQLl6ArvMiwj6V8R2epihFg=
10,-113,ROVcUzNqca3hh3pveXNyyiV4fag=,UppCBQLl6ArvMiwj6V8R2epihFg=
9,-117,ROVcUzNqca3hh3pveXNyyiV4fag=,UppCBQLl6ArvMiwj6V8R2epihFg=
12,-113,ROVcUzNqca3hh3pveXNyyiV4fag=,UppCBQLl6ArvMiwj6V8R2epihFg=
7,-120,ROVcUzNqca3hh3pveXNyyiV4fag=,l91qoUOy4Vw9OM/t2sVEeD/DC9w=
8,-117,ROVcUzNqca3hh3pveXNyyiV4fag=,UppCBQLl6ArvMiwj6V8R2epihFg=
8,-113,ROVcUzNqca3hh3pveXNyyiV4fag=,UppCBQLl6ArvMiwj6V8R2epihFg=
7,-117,ROVcUzNqca3hh3pveXNyyiV4fag=,l91qoUOy4Vw9OM/t2sVEeD/DC9w=
9,-113,ROVcUzNqca3hh3pveXNyyiV4fag=,UppCBQLl6ArvMiwj6V8R2epihFg=
7,-116,ROVcUzNqca3hh3pveXNyyiV4fag=,l91qoUOy4Vw9OM/t2sVEeD/DC9w=
7,-115,ROVcUzNqca3hh3pveXNyyiV4fag=,l91qoUOy4Vw9OM/t2sVEeD/DC9w=
7,-114,ROVcUzNqca3hh3pveXNyyiV4fag=,l91qoUOy4Vw9OM/t2sVEeD/DC9w=
7,-113,ROVcUzNqca3hh3pveXNyyiV4fag=,l91qoUOy4Vw9OM/t2sVEeD/DC9w=
10,-101,1Avc4LL1ZqCVOetdboNQQumOr2o=,0HYBzzRW3ldGfKHItu4HPC7fZrQ=
13,-99,1Avc4LL1ZqCVOetdboNQQumOr2o=,0HYBzzRW3ldGfKHItu4HPC7fZrQ=
9,-101,1Avc4LL1ZqCVOetdboNQQumOr2o=,0HYBzzRW3ldGfKHItu4HPC7fZrQ=
11,-100,1Avc4LL1ZqCVOetdboNQQumOr2o=,0HYBzzRW3ldGfKHItu4HPC7fZrQ=
10,-100,1Avc4LL1ZqCVOetdboNQQumOr2o=,0HYBzzRW3ldGfKHItu4HPC7fZrQ=
12,-99,1Avc4LL1ZqCVOetdboNQQumOr2o=,0HYBzzRW3ldGfKHItu4HPC7fZrQ=
14,-102,1Avc4LL1ZqCVOetdboNQQumOr2o=,0HYBzzRW3ldGfKHItu4HPC7fZrQ=
9,-100,1Avc4LL1ZqCVOetdboNQQumOr2o=,0HYBzzRW3ldGfKHItu4HPC7fZrQ=
12,-102,1Avc4LL1ZqCVOetdboNQQumOr2o=,0HYBzzRW3ldGfKHItu4HPC7fZrQ=
11,-102,1Avc4LL1ZqCVOetdboNQQumOr2o=,0HYBzzRW3ldGfKHItu4HPC7fZrQ=
13,-102,7lwD5j42dlKwMb8yGVxa2EV2PEE=,0HYBzzRW3ldGfKHItu4HPC7fZrQ=
11,-99,xp+4EGsceZYMnvLny1Aqdjs68qc=,0HYBzzRW3ldGfKHItu4HPC7fZrQ=
10,-99,xp+4EGsceZYMnvLny1Aqdjs68qc=,0HYBzzRW3ldGfKHItu4HPC7fZrQ=
10,-102,xp+4EGsceZYMnvLny1Aqdjs68qc=,0HYBzzRW3ldGfKHItu4HPC7fZrQ=
14,-98,xp+4EGsceZYMnvLny1Aqdjs68qc=,0HYBzzRW3ldGfKHItu4HPC7fZrQ=
9,-102,xp+4EGsceZYMnvLny1Aqdjs68qc=,0HYBzzRW3ldGfKHItu4HPC7fZrQ=
14,-103,xp+4EGsceZYMnvLny1Aqdjs68qc=,0HYBzzRW3ldGfKHItu4HPC7fZrQ=
9,-99,xp+4EGsceZYMnvLny1Aqdjs68qc=,0HYBzzRW3ldGfKHItu4HPC7fZrQ=
14,-101,DCzC7SLpaypSxU5ke3SnfAtvHZc=,0HYBzzRW3ldGfKHItu4HPC7fZrQ=
13,-98,DCzC7SLpaypSxU5ke3SnfAtvHZc=,0HYBzzRW3ldGfKHItu4HPC7fZrQ=
13,-103,DCzC7SLpaypSxU5ke3SnfAtvHZc=,0HYBzzRW3ldGfKHItu4HPC7fZrQ=
12,-98,DCzC7SLpaypSxU5ke3SnfAtvHZc=,0HYBzzRW3ldGfKHItu4HPC7fZrQ=
14,-100,tDJ6bem+J1tRsvP3EL7MLhituaA=,0HYBzzRW3ldGfKHItu4HPC7fZrQ=
11,-98,tDJ6bem+J1tRsvP3EL7MLhituaA=,0HYBzzRW3ldGfKHItu4HPC7fZrQ=
13,-101,tDJ6bem+J1tRsvP3EL7MLhituaA=,0HYBzzRW3ldGfKHItu4HPC7fZrQ=
10,-98,tDJ6bem+J1tRsvP3EL7MLhituaA=,0HYBzzRW3ldGfKHItu4HPC7fZrQ=
12,-101,tDJ6bem+J1tRsvP3EL7MLhituaA=,0HYBzzRW3ldGfKHItu4HPC7fZrQ=
9,-98,tDJ6bem+J1tRsvP3EL7MLhituaA=,0HYBzzRW3ldGfKHItu4HPC7fZrQ=
11,-101,tDJ6bem+J1tRsvP3EL7MLhituaA=,0HYBzzRW3ldGfKHItu4HPC7fZrQ=
11,-103,tDJ6bem+J1tRsvP3EL7MLhituaA=,0HYBzzRW3ldGfKHItu4HPC7fZrQ=
12,-103,tDJ6bem+J1tRsvP3EL7MLhituaA=,0HYBzzRW3ldGfKHItu4HPC7fZrQ=
10,-103,tDJ6bem+J1tRsvP3EL7MLhituaA=,0HYBzzRW3ldGfKHItu4HPC7fZrQ=
14,-99,tDJ6bem+J1tRsvP3EL7MLhituaA=,0HYBzzRW3ldGfKHItu4HPC7fZrQ=
12,-100,tDJ6bem+J1tRsvP3EL7MLhituaA=,0HYBzzRW3ldGfKHItu4HPC7fZrQ=
13,-100,tDJ6bem+J1tRsvP3EL7MLhituaA=,0HYBzzRW3ldGfKHItu4HPC7fZrQ=
14,-111,tDJ6bem+J1tRsvP3EL7MLhituaA=,ovmJSqfGfkaG7cZsR3gbUmLuvOY=
15,-111,tDJ6bem+J1tRsvP3EL7MLhituaA=,ovmJSqfGfkaG7cZsR3gbUmLuvOY=
14,-104,tDJ6bem+J1tRsvP3EL7MLhituaA=,0HYBzzRW3ldGfKHItu4HPC7fZrQ=
14,-110,tDJ6bem+J1tRsvP3EL7MLhituaA=,ovmJSqfGfkaG7cZsR3gbUmLuvOY=
15,-110,aczJYT7jY1H+V98beSJo4s/0y9w=,ovmJSqfGfkaG7cZsR3gbUmLuvOY=
14,-109,aczJYT7jY1H+V98beSJo4s/0y9w=,ovmJSqfGfkaG7cZsR3gbUmLuvOY=
15,-109,aczJYT7jY1H+V98beSJo4s/0y9w=,ovmJSqfGfkaG7cZsR3gbUmLuvOY=
14,-108,aczJYT7jY1H+V98beSJo4s/0y9w=,ovmJSqfGfkaG7cZsR3gbUmLuvOY=
15,-108,aczJYT7jY1H+V98beSJo4s/0y9w=,ovmJSqfGfkaG7cZsR3gbUmLuvOY=
12,-107,aczJYT7jY1H+V98beSJo4s/0y9w=,ovmJSqfGfkaG7cZsR3gbUmLuvOY=
10,-107,aczJYT7jY1H+V98beSJo4s/0y9w=,ovmJSqfGfkaG7cZsR3gbUmLuvOY=
13,-107,aczJYT7jY1H+V98beSJo4s/0y9w=,ovmJSqfGfkaG7cZsR3gbUmLuvOY=
14,-107,aczJYT7jY1H+V98beSJo4s/0y9w=,ovmJSqfGfkaG7cZsR3gbUmLuvOY=
10,-104,aczJYT7jY1H+V98beSJo4s/0y9w=,0HYBzzRW3ldGfKHItu4HPC7fZrQ=
11,-107,aczJYT7jY1H+V98beSJo4s/0y9w=,ovmJSqfGfkaG7cZsR3gbUmLuvOY=
15,-107,aczJYT7jY1H+V98beSJo4s/0y9w=,ovmJSqfGfkaG7cZsR3gbUmLuvOY=
9,-106,aczJYT7jY1H+V98beSJo4s/0y9w=,ovmJSqfGfkaG7cZsR3gbUmLuvOY=
10,-106,aczJYT7jY1H+V98beSJo4s/0y9w=,ovmJSqfGfkaG7cZsR3gbUmLuvOY=
11,-106,aczJYT7jY1H+V98beSJo4s/0y9w=,ovmJSqfGfkaG7cZsR3gbUmLuvOY=
12,-106,aczJYT7jY1H+V98beSJo4s/0y9w=,ovmJSqfGfkaG7cZsR3gbUmLuvOY=
13,-106,aczJYT7jY1H+V98beSJo4s/0y9w=,ovmJSqfGfkaG7cZsR3gbUmLuvOY=
14,-106,aczJYT7jY1H+V98beSJo4s/0y9w=,ovmJSqfGfkaG7cZsR3gbUmLuvOY=
15,-106,aczJYT7jY1H+V98beSJo4s/0y9w=,ovmJSqfGfkaG7cZsR3gbUmLuvOY=
11,-104,aczJYT7jY1H+V98beSJo4s/0y9w=,0HYBzzRW3ldGfKHItu4HPC7fZrQ=
9,-105,aczJYT7jY1H+V98beSJo4s/0y9w=,ovmJSqfGfkaG7cZsR3gbUmLuvOY=
10,-105,aczJYT7jY1H+V98beSJo4s/0y9w=,ovmJSqfGfkaG7cZsR3gbUmLuvOY=
11,-105,aczJYT7jY1H+V98beSJo4s/0y9w=,ovmJSqfGfkaG7cZsR3gbUmLuvOY=
12,-105,aczJYT7jY1H+V98beSJo4s/0y9w=,ovmJSqfGfkaG7cZsR3gbUmLuvOY=
13,-105,aczJYT7jY1H+V98beSJo4s/0y9w=,ovmJSqfGfkaG7cZsR3gbUmLuvOY=
14,-105,aczJYT7jY1H+V98beSJo4s/0y9w=,ovmJSqfGfkaG7cZsR3gbUmLuvOY=
12,-104,aczJYT7jY1H+V98beSJo4s/0y9w=,0HYBzzRW3ldGfKHItu4HPC7fZrQ=
13,-104,4TXVOHSIPOnqS2XtZdhDOhi2fi8=,0HYBzzRW3ldGfKHItu4HPC7fZrQ=
9,-104,4TXVOHSIPOnqS2XtZdhDOhi2fi8=,0HYBzzRW3ldGfKHItu4HPC7fZrQ=
14,-112,4TXVOHSIPOnqS2XtZdhDOhi2fi8=,ovmJSqfGfkaG7cZsR3gbUmLuvOY=
15,-104,4TXVOHSIPOnqS2XtZdhDOhi2fi8=,0HYBzzRW3ldGfKHItu4HPC7fZrQ=
15,-99,4TXVOHSIPOnqS2XtZdhDOhi2fi8=,0HYBzzRW3ldGfKHItu4HPC7fZrQ=
15,-101,4TXVOHSIPOnqS2XtZdhDOhi2fi8=,0HYBzzRW3ldGfKHItu4HPC7fZrQ=
15,-100,4TXVOHSIPOnqS2XtZdhDOhi2fi8=,0HYBzzRW3ldGfKHItu4HPC7fZrQ=
15,-103,1By4uUBPKJe592kHmUbGFpNHZ3M=,0HYBzzRW3ldGfKHItu4HPC7fZrQ=
15,-105,1oPbkTrVi3FngVWgJNPRPemSYKE=,ovmJSqfGfkaG7cZsR3gbUmLuvOY=
15,-102,1oPbkTrVi3FngVWgJNPRPemSYKE=,0HYBzzRW3ldGfKHItu4HPC7fZrQ=
9,-97,1oPbkTrVi3FngVWgJNPRPemSYKE=,0HYBzzRW3ldGfKHItu4HPC7fZrQ=
10,-97,1oPbkTrVi3FngVWgJNPRPemSYKE=,0HYBzzRW3ldGfKHItu4HPC7fZrQ=
15,-98,1oPbkTrVi3FngVWgJNPRPemSYKE=,0HYBzzRW3ldGfKHItu4HPC7fZrQ=
11,-97,1oPbkTrVi3FngVWgJNPRPemSYKE=,0HYBzzRW3ldGfKHItu4HPC7fZrQ=
12,-97,1oPbkTrVi3FngVWgJNPRPemSYKE=,0HYBzzRW3ldGfKHItu4HPC7fZrQ=
13,-97,1oPbkTrVi3FngVWgJNPRPemSYKE=,0HYBzzRW3ldGfKHItu4HPC7fZrQ=
15,-112,1oPbkTrVi3FngVWgJNPRPemSYKE=,ovmJSqfGfkaG7cZsR3gbUmLuvOY=
14,-97,1oPbkTrVi3FngVWgJNPRPemSYKE=,0HYBzzRW3ldGfKHItu4HPC7fZrQ=
15,-97,1oPbkTrVi3FngVWgJNPRPemSYKE=,0HYBzzRW3ldGfKHItu4HPC7fZrQ=
13,-108,1oPbkTrVi3FngVWgJNPRPemSYKE=,ovmJSqfGfkaG7cZsR3gbUmLuvOY=
13,-112,1oPbkTrVi3FngVWgJNPRPemSYKE=,ovmJSqfGfkaG7cZsR3gbUmLuvOY=
12,-112,Qw8N80GRzYa+CmUU1C2tBWDhLhM=,ovmJSqfGfkaG7cZsR3gbUmLuvOY=
13,-110,Qw8N80GRzYa+CmUU1C2tBWDhLhM=,ovmJSqfGfkaG7cZsR3gbUmLuvOY=
12,-108,Qw8N80GRzYa+CmUU1C2tBWDhLhM=,ovmJSqfGfkaG7cZsR3gbUmLuvOY=
13,-111,Qw8N80GRzYa+CmUU1C2tBWDhLhM=,ovmJSqfGfkaG7cZsR3gbUmLuvOY=
13,-109,Qw8N80GRzYa+CmUU1C2tBWDhLhM=,ovmJSqfGfkaG7cZsR3gbUmLuvOY=
12,-110,Qw8N80GRzYa+CmUU1C2tBWDhLhM=,ovmJSqfGfkaG7cZsR3gbUmLuvOY=
4,-111,Qw8N80GRzYa+CmUU1C2tBWDhLhM=,aMD0zobGvMbranqsImRcqFQw9Mc=
5,-111,Qw8N80GRzYa+CmUU1C2tBWDhLhM=,aMD0zobGvMbranqsImRcqFQw9Mc=
2,-110,Qw8N80GRzYa+CmUU1C2tBWDhLhM=,aMD0zobGvMbranqsImRcqFQw9Mc=
3,-110,Qw8N80GRzYa+CmUU1C2tBWDhLhM=,aMD0zobGvMbranqsImRcqFQw9Mc=
4,-110,Qw8N80GRzYa+CmUU1C2tBWDhLhM=,aMD0zobGvMbranqsImRcqFQw9Mc=
3,-111,Qw8N80GRzYa+CmUU1C2tBWDhLhM=,aMD0zobGvMbranqsImRcqFQw9Mc=
5,-112,Qw8N80GRzYa+CmUU1C2tBWDhLhM=,aMD0zobGvMbranqsImRcqFQw9Mc=
3,-109,Qw8N80GRzYa+CmUU1C2tBWDhLhM=,aMD0zobGvMbranqsImRcqFQw9Mc=
4,-112,Qw8N80GRzYa+CmUU1C2tBWDhLhM=,aMD0zobGvMbranqsImRcqFQw9Mc=
3,-112,Qw8N80GRzYa+CmUU1C2tBWDhLhM=,aMD0zobGvMbranqsImRcqFQw9Mc=
2,-112,Qw8N80GRzYa+CmUU1C2tBWDhLhM=,aMD0zobGvMbranqsImRcqFQw9Mc=
3,-108,Qw8N80GRzYa+CmUU1C2tBWDhLhM=,aMD0zobGvMbranqsImRcqFQw9Mc=
3,-106,Qw8N80GRzYa+CmUU1C2tBWDhLhM=,aMD0zobGvMbranqsImRcqFQw9Mc=
3,-107,Qw8N80GRzYa+CmUU1C2tBWDhLhM=,aMD0zobGvMbranqsImRcqFQw9Mc=
4,-108,Qw8N80GRzYa+CmUU1C2tBWDhLhM=,aMD0zobGvMbranqsImRcqFQw9Mc=
12,-109,Qw8N80GRzYa+CmUU1C2tBWDhLhM=,ovmJSqfGfkaG7cZsR3gbUmLuvOY=
11,-111,Qw8N80GRzYa+CmUU1C2tBWDhLhM=,ovmJSqfGfkaG7cZsR3gbUmLuvOY=
12,-111,Qw8N80GRzYa+CmUU1C2tBWDhLhM=,ovmJSqfGfkaG7cZsR3gbUmLuvOY=
10,-109,Qw8N80GRzYa+CmUU1C2tBWDhLhM=,ovmJSqfGfkaG7cZsR3gbUmLuvOY=
10,-111,Qw8N80GRzYa+CmUU1C2tBWDhLhM=,ovmJSqfGfkaG7cZsR3gbUmLuvOY=
11,-112,Qw8N80GRzYa+CmUU1C2tBWDhLhM=,ovmJSqfGfkaG7cZsR3gbUmLuvOY=
9,-110,Qw8N80GRzYa+CmUU1C2tBWDhLhM=,ovmJSqfGfkaG7cZsR3gbUmLuvOY=
9,-111,Qw8N80GRzYa+CmUU1C2tBWDhLhM=,ovmJSqfGfkaG7cZsR3gbUmLuvOY=
1,-110,Qw8N80GRzYa+CmUU1C2tBWDhLhM=,aMD0zobGvMbranqsImRcqFQw9Mc=
6,-111,Qw8N80GRzYa+CmUU1C2tBWDhLhM=,aMD0zobGvMbranqsImRcqFQw9Mc=
8,-112,Qw8N80GRzYa+CmUU1C2tBWDhLhM=,ovmJSqfGfkaG7cZsR3gbUmLuvOY=
10,-110,Qw8N80GRzYa+CmUU1C2tBWDhLhM=,ovmJSqfGfkaG7cZsR3gbUmLuvOY=
11,-110,Qw8N80GRzYa+CmUU1C2tBWDhLhM=,ovmJSqfGfkaG7cZsR3gbUmLuvOY=
7,-111,Qw8N80GRzYa+CmUU1C2tBWDhLhM=,aMD0zobGvMbranqsImRcqFQw9Mc=
11,-109,Qw8N80GRzYa+CmUU1C2tBWDhLhM=,ovmJSqfGfkaG7cZsR3gbUmLuvOY=
7,-109,Qw8N80GRzYa+CmUU1C2tBWDhLhM=,aMD0zobGvMbranqsImRcqFQw9Mc=
0,-110,Qw8N80GRzYa+CmUU1C2tBWDhLhM=,aMD0zobGvMbranqsImRcqFQw9Mc=
5,-110,Qw8N80GRzYa+CmUU1C2tBWDhLhM=,aMD0zobGvMbranqsImRcqFQw9Mc=
9,-109,Qw8N80GRzYa+CmUU1C2tBWDhLhM=,ovmJSqfGfkaG7cZsR3gbUmLuvOY=
10,-112,Qw8N80GRzYa+CmUU1C2tBWDhLhM=,ovmJSqfGfkaG7cZsR3gbUmLuvOY=
8,-111,Qw8N80GRzYa+CmUU1C2tBWDhLhM=,ovmJSqfGfkaG7cZsR3gbUmLuvOY=
2,-111,Qw8N80GRzYa+CmUU1C2tBWDhLhM=,aMD0zobGvMbranqsImRcqFQw9Mc=
6,-110,Qw8N80GRzYa+CmUU1C2tBWDhLhM=,aMD0zobGvMbranqsImRcqFQw9Mc=
0,-112,Qw8N80GRzYa+CmUU1C2tBWDhLhM=,aMD0zobGvMbranqsImRcqFQw9Mc=
1,-111,Qw8N80GRzYa+CmUU1C2tBWDhLhM=,aMD0zobGvMbranqsImRcqFQw9Mc=
2,-109,Qw8N80GRzYa+CmUU1C2tBWDhLhM=,aMD0zobGvMbranqsImRcqFQw9Mc=
1,-109,Qw8N80GRzYa+CmUU1C2tBWDhLhM=,aMD0zobGvMbranqsImRcqFQw9Mc=
9,-112,Qw8N80GRzYa+CmUU1C2tBWDhLhM=,ovmJSqfGfkaG7cZsR3gbUmLuvOY=
4,-109,Qw8N80GRzYa+CmUU1C2tBWDhLhM=,aMD0zobGvMbranqsImRcqFQw9Mc=
1,-112,Qw8N80GRzYa+CmUU1C2tBWDhLhM=,aMD0zobGvMbranqsImRcqFQw9Mc=
0,-111,Qw8N80GRzYa+CmUU1C2tBWDhLhM=,aMD0zobGvMbranqsImRcqFQw9Mc=
6,-112,Qw8N80GRzYa+CmUU1C2tBWDhLhM=,aMD0zobGvMbranqsImRcqFQw9Mc=
0,-109,Qw8N80GRzYa+CmUU1C2tBWDhLhM=,aMD0zobGvMbranqsImRcqFQw9Mc=
7,-112,Qw8N80GRzYa+CmUU1C2tBWDhLhM=,aMD0zobGvMbranqsImRcqFQw9Mc=
8,-110,Qw8N80GRzYa+CmUU1C2tBWDhLhM=,ovmJSqfGfkaG7cZsR3gbUmLuvOY=
7,-110,Qw8N80GRzYa+CmUU1C2tBWDhLhM=,aMD0zobGvMbranqsImRcqFQw9Mc=
5,-109,Qw8N80GRzYa+CmUU1C2tBWDhLhM=,aMD0zobGvMbranqsImRcqFQw9Mc=
2,-104,Qw8N80GRzYa+CmUU1C2tBWDhLhM=,Tdg4u3lWTVTJaIOjrtHTgXkxzkI=
3,-105,Qw8N80GRzYa+CmUU1C2tBWDhLhM=,aMD0zobGvMbranqsImRcqFQw9Mc=
8,-97,Qw8N80GRzYa+CmUU1C2tBWDhLhM=,0HYBzzRW3ldGfKHItu4HPC7fZrQ=
3,-104,Qw8N80GRzYa+CmUU1C2tBWDhLhM=,Tdg4u3lWTVTJaIOjrtHTgXkxzkI=
8,-99,Qw8N80GRzYa+CmUU1C2tBWDhLhM=,0HYBzzRW3ldGfKHItu4HPC7fZrQ=
7,-102,Qw8N80GRzYa+CmUU1C2tBWDhLhM=,Tdg4u3lWTVTJaIOjrtHTgXkxzkI=
9,-103,Qw8N80GRzYa+CmUU1C2tBWDhLhM=,0HYBzzRW3ldGfKHItu4HPC7fZrQ=
8,-109,Qw8N80GRzYa+CmUU1C2tBWDhLhM=,ovmJSqfGfkaG7cZsR3gbUmLuvOY=
0,-101,Qw8N80GRzYa+CmUU1C2tBWDhLhM=,Tdg4u3lWTVTJaIOjrtHTgXkxzkI=
1,-101,Qw8N80GRzYa+CmUU1C2tBWDhLhM=,Tdg4u3lWTVTJaIOjrtHTgXkxzkI=
8,-104,Qw8N80GRzYa+CmUU1C2tBWDhLhM=,0HYBzzRW3ldGfKHItu4HPC7fZrQ=
3,-102,Qw8N80GRzYa+CmUU1C2tBWDhLhM=,Tdg4u3lWTVTJaIOjrtHTgXkxzkI=
10,-108,Qw8N80GRzYa+CmUU1C2tBWDhLhM=,ovmJSqfGfkaG7cZsR3gbUmLuvOY=
2,-102,Qw8N80GRzYa+CmUU1C2tBWDhLhM=,Tdg4u3lWTVTJaIOjrtHTgXkxzkI=
7,-97,Qw8N80GRzYa+CmUU1C2tBWDhLhM=,Tdg4u3lWTVTJaIOjrtHTgXkxzkI=
6,-102,Qw8N80GRzYa+CmUU1C2tBWDhLhM=,Tdg4u3lWTVTJaIOjrtHTgXkxzkI=
6,-97,Qw8N80GRzYa+CmUU1C2tBWDhLhM=,Tdg4u3lWTVTJaIOjrtHTgXkxzkI=
6,-109,Qw8N80GRzYa+CmUU1C2tBWDhLhM=,aMD0zobGvMbranqsImRcqFQw9Mc=
9,-108,Qw8N80GRzYa+CmUU1C2tBWDhLhM=,ovmJSqfGfkaG7cZsR3gbUmLuvOY=
6,-98,Qw8N80GRzYa+CmUU1C2tBWDhLhM=,Tdg4u3lWTVTJaIOjrtHTgXkxzkI=
2,-101,Qw8N80GRzYa+CmUU1C2tBWDhLhM=,Tdg4u3lWTVTJaIOjrtHTgXkxzkI=
8,-103,Qw8N80GRzYa+CmUU1C2tBWDhLhM=,0HYBzzRW3ldGfKHItu4HPC7fZrQ=
9,-107,Qw8N80GRzYa+CmUU1C2tBWDhLhM=,ovmJSqfGfkaG7cZsR3gbUmLuvOY=
5,-97,Qw8N80GRzYa+CmUU1C2tBWDhLhM=,Tdg4u3lWTVTJaIOjrtHTgXkxzkI=
4,-102,Qw8N80GRzYa+CmUU1C2tBWDhLhM=,Tdg4u3lWTVTJaIOjrtHTgXkxzkI=
3,-101,Qw8N80GRzYa+CmUU1C2tBWDhLhM=,Tdg4u3lWTVTJaIOjrtHTgXkxzkI=
1,-102,Qw8N80GRzYa+CmUU1C2tBWDhLhM=,Tdg4u3lWTVTJaIOjrtHTgXkxzkI=
7,-103,Qw8N80GRzYa+CmUU1C2tBWDhLhM=,Tdg4u3lWTVTJaIOjrtHTgXkxzkI=
4,-104,Qw8N80GRzYa+CmUU1C2tBWDhLhM=,Tdg4u3lWTVTJaIOjrtHTgXkxzkI=
5,-102,Qw8N80GRzYa+CmUU1C2tBWDhLhM=,Tdg4u3lWTVTJaIOjrtHTgXkxzkI=
6,-103,Qw8N80GRzYa+CmUU1C2tBWDhLhM=,Tdg4u3lWTVTJaIOjrtHTgXkxzkI=
0,-102,Qw8N80GRzYa+CmUU1C2tBWDhLhM=,Tdg4u3lWTVTJaIOjrtHTgXkxzkI=
8,-102,Qw8N80GRzYa+CmUU1C2tBWDhLhM=,0HYBzzRW3ldGfKHItu4HPC7fZrQ=
7,-106,Qw8N80GRzYa+CmUU1C2tBWDhLhM=,aMD0zobGvMbranqsImRcqFQw9Mc=
11,-108,Qw8N80GRzYa+CmUU1C2tBWDhLhM=,ovmJSqfGfkaG7cZsR3gbUmLuvOY=
8,-100,Qw8N80GRzYa+CmUU1C2tBWDhLhM=,0HYBzzRW3ldGfKHItu4HPC7fZrQ=
0,-108,Qw8N80GRzYa+CmUU1C2tBWDhLhM=,aMD0zobGvMbranqsImRcqFQw9Mc=
4,-101,Qw8N80GRzYa+CmUU1C2tBWDhLhM=,Tdg4u3lWTVTJaIOjrtHTgXkxzkI=
8,-105,Qw8N80GRzYa+CmUU1C2tBWDhLhM=,ovmJSqfGfkaG7cZsR3gbUmLuvOY=
5,-101,Qw8N80GRzYa+CmUU1C2tBWDhLhM=,Tdg4u3lWTVTJaIOjrtHTgXkxzkI=
7,-101,Qw8N80GRzYa+CmUU1C2tBWDhLhM=,Tdg4u3lWTVTJaIOjrtHTgXkxzkI=
6,-101,Qw8N80GRzYa+CmUU1C2tBWDhLhM=,Tdg4u3lWTVTJaIOjrtHTgXkxzkI=
5,-106,Qw8N80GRzYa+CmUU1C2tBWDhLhM=,aMD0zobGvMbranqsImRcqFQw9Mc=
0,-100,Qw8N80GRzYa+CmUU1C2tBWDhLhM=,Tdg4u3lWTVTJaIOjrtHTgXkxzkI=
8,-108,Qw8N80GRzYa+CmUU1C2tBWDhLhM=,ovmJSqfGfkaG7cZsR3gbUmLuvOY=
4,-100,Qw8N80GRzYa+CmUU1C2tBWDhLhM=,Tdg4u3lWTVTJaIOjrtHTgXkxzkI=
2,-105,Qw8N80GRzYa+CmUU1C2tBWDhLhM=,aMD0zobGvMbranqsImRcqFQw9Mc=
6,-106,Qw8N80GRzYa+CmUU1C2tBWDhLhM=,aMD0zobGvMbranqsImRcqFQw9Mc=
1,-105,Qw8N80GRzYa+CmUU1C2tBWDhLhM=,aMD0zobGvMbranqsImRcqFQw9Mc=
3,-100,Qw8N80GRzYa+CmUU1C2tBWDhLhM=,Tdg4u3lWTVTJaIOjrtHTgXkxzkI=
2,-100,Qw8N80GRzYa+CmUU1C2tBWDhLhM=,Tdg4u3lWTVTJaIOjrtHTgXkxzkI=
5,-100,Qw8N80GRzYa+CmUU1C2tBWDhLhM=,Tdg4u3lWTVTJaIOjrtHTgXkxzkI=
0,-105,Qw8N80GRzYa+CmUU1C2tBWDhLhM=,aMD0zobGvMbranqsImRcqFQw9Mc=
1,-100,Qw8N80GRzYa+CmUU1C2tBWDhLhM=,Tdg4u3lWTVTJaIOjrtHTgXkxzkI=
7,-100,Qw8N80GRzYa+CmUU1C2tBWDhLhM=,Tdg4u3lWTVTJaIOjrtHTgXkxzkI=
6,-100,Qw8N80GRzYa+CmUU1C2tBWDhLhM=,Tdg4u3lWTVTJaIOjrtHTgXkxzkI=
4,-99,Qw8N80GRzYa+CmUU1C2tBWDhLhM=,Tdg4u3lWTVTJaIOjrtHTgXkxzkI=
0,-99,Qw8N80GRzYa+CmUU1C2tBWDhLhM=,Tdg4u3lWTVTJaIOjrtHTgXkxzkI=
1,-104,Qw8N80GRzYa+CmUU1C2tBWDhLhM=,Tdg4u3lWTVTJaIOjrtHTgXkxzkI=
1,-99,Qw8N80GRzYa+CmUU1C2tBWDhLhM=,Tdg4u3lWTVTJaIOjrtHTgXkxzkI=
2,-99,Qw8N80GRzYa+CmUU1C2tBWDhLhM=,Tdg4u3lWTVTJaIOjrtHTgXkxzkI=
3,-99,Qw8N80GRzYa+CmUU1C2tBWDhLhM=,Tdg4u3lWTVTJaIOjrtHTgXkxzkI=
5,-98,Qw8N80GRzYa+CmUU1C2tBWDhLhM=,Tdg4u3lWTVTJaIOjrtHTgXkxzkI=
4,-105,Qw8N80GRzYa+CmUU1C2tBWDhLhM=,aMD0zobGvMbranqsImRcqFQw9Mc=
7,-99,Qw8N80GRzYa+CmUU1C2tBWDhLhM=,Tdg4u3lWTVTJaIOjrtHTgXkxzkI=
2,-107,Qw8N80GRzYa+CmUU1C2tBWDhLhM=,aMD0zobGvMbranqsImRcqFQw9Mc=
2,-98,Qw8N80GRzYa+CmUU1C2tBWDhLhM=,Tdg4u3lWTVTJaIOjrtHTgXkxzkI=
1,-107,Qw8N80GRzYa+CmUU1C2tBWDhLhM=,aMD0zobGvMbranqsImRcqFQw9Mc=
8,-106,Qw8N80GRzYa+CmUU1C2tBWDhLhM=,ovmJSqfGfkaG7cZsR3gbUmLuvOY=
6,-99,Qw8N80GRzYa+CmUU1C2tBWDhLhM=,Tdg4u3lWTVTJaIOjrtHTgXkxzkI=
0,-98,Qw8N80GRzYa+CmUU1C2tBWDhLhM=,Tdg4u3lWTVTJaIOjrtHTgXkxzkI=
4,-98,Qw8N80GRzYa+CmUU1C2tBWDhLhM=,Tdg4u3lWTVTJaIOjrtHTgXkxzkI=
4,-107,Qw8N80GRzYa+CmUU1C2tBWDhLhM=,aMD0zobGvMbranqsImRcqFQw9Mc=
1,-98,Qw8N80GRzYa+CmUU1C2tBWDhLhM=,Tdg4u3lWTVTJaIOjrtHTgXkxzkI=
0,-107,Qw8N80GRzYa+CmUU1C2tBWDhLhM=,aMD0zobGvMbranqsImRcqFQw9Mc=
0,-104,Qw8N80GRzYa+CmUU1C2tBWDhLhM=,Tdg4u3lWTVTJaIOjrtHTgXkxzkI=
1,-106,Qw8N80GRzYa+CmUU1C2tBWDhLhM=,aMD0zobGvMbranqsImRcqFQw9Mc=
2,-106,Qw8N80GRzYa+CmUU1C2tBWDhLhM=,aMD0zobGvMbranqsImRcqFQw9Mc=
2,-108,Qw8N80GRzYa+CmUU1C2tBWDhLhM=,aMD0zobGvMbranqsImRcqFQw9Mc=
7,-98,Qw8N80GRzYa+CmUU1C2tBWDhLhM=,Tdg4u3lWTVTJaIOjrtHTgXkxzkI=
8,-101,Qw8N80GRzYa+CmUU1C2tBWDhLhM=,0HYBzzRW3ldGfKHItu4HPC7fZrQ=
4,-106,Qw8N80GRzYa+CmUU1C2tBWDhLhM=,aMD0zobGvMbranqsImRcqFQw9Mc=
5,-99,Qw8N80GRzYa+CmUU1C2tBWDhLhM=,Tdg4u3lWTVTJaIOjrtHTgXkxzkI=
8,-107,Qw8N80GRzYa+CmUU1C2tBWDhLhM=,ovmJSqfGfkaG7cZsR3gbUmLuvOY=
5,-105,Qw8N80GRzYa+CmUU1C2tBWDhLhM=,aMD0zobGvMbranqsImRcqFQw9Mc=
8,-98,Qw8N80GRzYa+CmUU1C2tBWDhLhM=,0HYBzzRW3ldGfKHItu4HPC7fZrQ=
1,-108,Qw8N80GRzYa+CmUU1C2tBWDhLhM=,aMD0zobGvMbranqsImRcqFQw9Mc=
5,-104,Qw8N80GRzYa+CmUU1C2tBWDhLhM=,Tdg4u3lWTVTJaIOjrtHTgXkxzkI=
7,-108,Qw8N80GRzYa+CmUU1C2tBWDhLhM=,aMD0zobGvMbranqsImRcqFQw9Mc=
1,-97,Qw8N80GRzYa+CmUU1C2tBWDhLhM=,Tdg4u3lWTVTJaIOjrtHTgXkxzkI=
0,-97,Qw8N80GRzYa+CmUU1C2tBWDhLhM=,Tdg4u3lWTVTJaIOjrtHTgXkxzkI=
7,-104,Qw8N80GRzYa+CmUU1C2tBWDhLhM=,Tdg4u3lWTVTJaIOjrtHTgXkxzkI=
5,-107,Qw8N80GRzYa+CmUU1C2tBWDhLhM=,aMD0zobGvMbranqsImRcqFQw9Mc=
4,-97,Qw8N80GRzYa+CmUU1C2tBWDhLhM=,Tdg4u3lWTVTJaIOjrtHTgXkxzkI=
2,-103,Qw8N80GRzYa+CmUU1C2tBWDhLhM=,Tdg4u3lWTVTJaIOjrtHTgXkxzkI=
1,-103,Qw8N80GRzYa+CmUU1C2tBWDhLhM=,Tdg4u3lWTVTJaIOjrtHTgXkxzkI=
3,-103,Qw8N80GRzYa+CmUU1C2tBWDhLhM=,Tdg4u3lWTVTJaIOjrtHTgXkxzkI=
3,-98,Qw8N80GRzYa+CmUU1C2tBWDhLhM=,Tdg4u3lWTVTJaIOjrtHTgXkxzkI=
3,-97,Qw8N80GRzYa+CmUU1C2tBWDhLhM=,Tdg4u3lWTVTJaIOjrtHTgXkxzkI=
0,-103,Qw8N80GRzYa+CmUU1C2tBWDhLhM=,Tdg4u3lWTVTJaIOjrtHTgXkxzkI=
2,-97,Qw8N80GRzYa+CmUU1C2tBWDhLhM=,Tdg4u3lWTVTJaIOjrtHTgXkxzkI=
6,-104,Qw8N80GRzYa+CmUU1C2tBWDhLhM=,Tdg4u3lWTVTJaIOjrtHTgXkxzkI=
7,-107,Qw8N80GRzYa+CmUU1C2tBWDhLhM=,aMD0zobGvMbranqsImRcqFQw9Mc=
6,-108,Qw8N80GRzYa+CmUU1C2tBWDhLhM=,aMD0zobGvMbranqsImRcqFQw9Mc=
5,-103,Qw8N80GRzYa+CmUU1C2tBWDhLhM=,Tdg4u3lWTVTJaIOjrtHTgXkxzkI=
7,-105,Qw8N80GRzYa+CmUU1C2tBWDhLhM=,aMD0zobGvMbranqsImRcqFQw9Mc=
6,-105,Qw8N80GRzYa+CmUU1C2tBWDhLhM=,aMD0zobGvMbranqsImRcqFQw9Mc=
6,-107,Qw8N80GRzYa+CmUU1C2tBWDhLhM=,aMD0zobGvMbranqsImRcqFQw9Mc=
0,-106,Qw8N80GRzYa+CmUU1C2tBWDhLhM=,aMD0zobGvMbranqsImRcqFQw9Mc=
4,-103,Qw8N80GRzYa+CmUU1C2tBWDhLhM=,Tdg4u3lWTVTJaIOjrtHTgXkxzkI=
5,-108,Qw8N80GRzYa+CmUU1C2tBWDhLhM=,aMD0zobGvMbranqsImRcqFQw9Mc=
