14,38,qvEzgn7wKooYjcPcItSMdfM/Z4U=,y/bnnteFx+6z+MuRujIQTYuLoVQ=
13,38,qvEzgn7wKooYjcPcItSMdfM/Z4U=,y/bnnteFx+6z+MuRujIQTYuLoVQ=
9,33,qvEzgn7wKooYjcPcItSMdfM/Z4U=,y/bnnteFx+6z+MuRujIQTYuLoVQ=
10,33,qvEzgn7wKooYjcPcItSMdfM/Z4U=,y/bnnteFx+6z+MuRujIQTYuLoVQ=
12,33,qvEzgn7wKooYjcPcItSMdfM/Z4U=,y/bnnteFx+6z+MuRujIQTYuLoVQ=
13,37,qvEzgn7wKooYjcPcItSMdfM/Z4U=,y/bnnteFx+6z+MuRujIQTYuLoVQ=
11,33,qvEzgn7wKooYjcPcItSMdfM/Z4U=,y/bnnteFx+6z+MuRujIQTYuLoVQ=
13,33,qvEzgn7wKooYjcPcItSMdfM/Z4U=,y/bnnteFx+6z+MuRujIQTYuLoVQ=
14,37,qvEzgn7wKooYjcPcItSMdfM/Z4U=,y/bnnteFx+6z+MuRujIQTYuLoVQ=
9,34,qvEzgn7wKooYjcPcItSMdfM/Z4U=,y/bnnteFx+6z+MuRujIQTYuLoVQ=
10,34,qvEzgn7wKooYjcPcItSMdfM/Z4U=,y/bnnteFx+6z+MuRujIQTYuLoVQ=
14,33,qvEzgn7wKooYjcPcItSMdfM/Z4U=,y/bnnteFx+6z+MuRujIQTYuLoVQ=
14,36,qvEzgn7wKooYjcPcItSMdfM/Z4U=,y/bnnteFx+6z+MuRujIQTYuLoVQ=
11,34,qvEzgn7wKooYjcPcItSMdfM/Z4U=,y/bnnteFx+6z+MuRujIQTYuLoVQ=
12,34,qvEzgn7wKooYjcPcItSMdfM/Z4U=,y/bnnteFx+6z+MuRujIQTYuLoVQ=
13,36,qvEzgn7wKooYjcPcItSMdfM/Z4U=,y/bnnteFx+6z+MuRujIQTYuLoVQ=
12,36,qvEzgn7wKooYjcPcItSMdfM/Z4U=,y/bnnteFx+6z+MuRujIQTYuLoVQ=
13,34,qvEzgn7wKooYjcPcItSMdfM/Z4U=,y/bnnteFx+6z+MuRujIQTYuLoVQ=
11,36,qvEzgn7wKooYjcPcItSMdfM/Z4U=,y/bnnteFx+6z+MuRujIQTYuLoVQ=
10,36,qvEzgn7wKooYjcPcItSMdfM/Z4U=,y/bnnteFx+6z+MuRujIQTYuLoVQ=
14,34,qvEzgn7wKooYjcPcItSMdfM/Z4U=,y/bnnteFx+6z+MuRujIQTYuLoVQ=
9,36,qvEzgn7wKooYjcPcItSMdfM/Z4U=,y/bnnteFx+6z+MuRujIQTYuLoVQ=
14,35,qvEzgn7wKooYjcPcItSMdfM/Z4U=,y/bnnteFx+6z+MuRujIQTYuLoVQ=
9,35,qvEzgn7wKooYjcPcItSMdfM/Z4U=,y/bnnteFx+6z+MuRujIQTYuLoVQ=
13,35,qvEzgn7wKooYjcPcItSMdfM/Z4U=,y/bnnteFx+6z+MuRujIQTYuLoVQ=
12,35,qvEzgn7wKooYjcPcItSMdfM/Z4U=,y/bnnteFx+6z+MuRujIQTYuLoVQ=
11,35,qvEzgn7wKooYjcPcItSMdfM/Z4U=,y/bnnteFx+6z+MuRujIQTYuLoVQ=
10,35,qvEzgn7wKooYjcPcItSMdfM/Z4U=,y/bnnteFx+6z+MuRujIQTYuLoVQ=
1,45,GVlP4BS4tCFtsicj1J+VYkaZS40=,/ALux3zRfGH9MkWBtpDFfi/5ESc=
4,46,GVlP4BS4tCFtsicj1J+VYkaZS40=,/ALux3zRfGH9MkWBtpDFfi/5ESc=
3,46,GVlP4BS4tCFtsicj1J+VYkaZS40=,/ALux3zRfGH9MkWBtpDFfi/5ESc=
2,46,GVlP4BS4tCFtsicj1J+VYkaZS40=,/ALux3zRfGH9MkWBtpDFfi/5ESc=
1,46,GVlP4BS4tCFtsicj1J+VYkaZS40=,/ALux3zRfGH9MkWBtpDFfi/5ESc=
8,33,GVlP4BS4tCFtsicj1J+VYkaZS40=,y/bnnteFx+6z+MuRujIQTYuLoVQ=
8,35,GVlP4BS4tCFtsicj1J+VYkaZS40=,y/bnnteFx+6z+MuRujIQTYuLoVQ=
8,34,GVlP4BS4tCFtsicj1J+VYkaZS40=,y/bnnteFx+6z+MuRujIQTYuLoVQ=
7,35,GVlP4BS4tCFtsicj1J+VYkaZS40=,eL+po3rNnfAmTnzH/so+Nf6o0Ig=
0,34,GVlP4BS4tCFtsicj1J+VYkaZS40=,eL+po3rNnfAmTnzH/so+Nf6o0Ig=
15,33,MveaQ2HAI0oKxfzPUq4HOnwWWwI=,y/bnnteFx+6z+MuRujIQTYuLoVQ=
15,38,FuJqMpvEdGKO0+eEopQEB8rdcuQ=,y/bnnteFx+6z+MuRujIQTYuLoVQ=
15,36,NABTPuIJoxgSJVQsfWPriUPAsXQ=,y/bnnteFx+6z+MuRujIQTYuLoVQ=
15,35,NABTPuIJoxgSJVQsfWPriUPAsXQ=,y/bnnteFx+6z+MuRujIQTYuLoVQ=
15,34,NABTPuIJoxgSJVQsfWPriUPAsXQ=,y/bnnteFx+6z+MuRujIQTYuLoVQ=
15,37,NABTPuIJoxgSJVQsfWPriUPAsXQ=,y/bnnteFx+6z+MuRujIQTYuLoVQ=
1,47,NABTPuIJoxgSJVQsfWPriUPAsXQ=,/ALux3zRfGH9MkWBtpDFfi/5ESc=
2,47,LoO4Aj2UtZiGXhUsn5hrJnHAK3E=,/ALux3zRfGH9MkWBtpDFfi/5ESc=
3,47,LoO4Aj2UtZiGXhUsn5hrJnHAK3E=,/ALux3zRfGH9MkWBtpDFfi/5ESc=
4,47,LoO4Aj2UtZiGXhUsn5hrJnHAK3E=,/ALux3zRfGH9MkWBtpDFfi/5ESc=
5,47,fNQS6h6MKAHeE3SbSDs5/l8fVr8=,/ALux3zRfGH9MkWBtpDFfi/5ESc=
14,32,fNQS6h6MKAHeE3SbSDs5/l8fVr8=,y/bnnteFx+6z+MuRujIQTYuLoVQ=
13,32,BnAppJ2Qpv9OjC3A58HKfEoOmJg=,y/bnnteFx+6z+MuRujIQTYuLoVQ=
11,32,L6SMXMBqb9K5HyK7MGVIhJAAP2g=,y/bnnteFx+6z+MuRujIQTYuLoVQ=
12,32,L6SMXMBqb9K5HyK7MGVIhJAAP2g=,y/bnnteFx+6z+MuRujIQTYuLoVQ=
10,32,L6SMXMBqb9K5HyK7MGVIhJAAP2g=,y/bnnteFx+6z+MuRujIQTYuLoVQ=
9,32,L6SMXMBqb9K5HyK7MGVIhJAAP2g=,y/bnnteFx+6z+MuRujIQTYuLoVQ=
8,32,L6SMXMBqb9K5HyK7MGVIhJAAP2g=,y/bnnteFx+6z+MuRujIQTYuLoVQ=
7,32,L6SMXMBqb9K5HyK7MGVIhJAAP2g=,eL+po3rNnfAmTnzH/so+Nf6o0Ig=
7,34,L6SMXMBqb9K5HyK7MGVIhJAAP2g=,eL+po3rNnfAmTnzH/so+Nf6o0Ig=
5,35,L6SMXMBqb9K5HyK7MGVIhJAAP2g=,eL+po3rNnfAmTnzH/so+Nf6o0Ig=
7,33,Kv0AAa/13hbN26YEw2XF/lJLAp8=,eL+po3rNnfAmTnzH/so+Nf6o0Ig=
4,35,Kv0AAa/13hbN26YEw2XF/lJLAp8=,eL+po3rNnfAmTnzH/so+Nf6o0Ig=
15,32,Kv0AAa/13hbN26YEw2XF/lJLAp8=,y/bnnteFx+6z+MuRujIQTYuLoVQ=
0,32,Kv0AAa/13hbN26YEw2XF/lJLAp8=,eL+po3rNnfAmTnzH/so+Nf6o0Ig=
6,35,Kv0AAa/13hbN26YEw2XF/lJLAp8=,eL+po3rNnfAmTnzH/so+Nf6o0Ig=
6,33,Kv0AAa/13hbN26YEw2XF/lJLAp8=,eL+po3rNnfAmTnzH/so+Nf6o0Ig=
6,34,Kv0AAa/13hbN26YEw2XF/lJLAp8=,eL+po3rNnfAmTnzH/so+Nf6o0Ig=
6,32,Kv0AAa/13hbN26YEw2XF/lJLAp8=,eL+po3rNnfAmTnzH/so+Nf6o0Ig=
2,32,Kv0AAa/13hbN26YEw2XF/lJLAp8=,eL+po3rNnfAmTnzH/so+Nf6o0Ig=
4,34,jvUGgEY75NPwq2bkXlhO0bjKs2Q=,eL+po3rNnfAmTnzH/so+Nf6o0Ig=
5,34,jvUGgEY75NPwq2bkXlhO0bjKs2Q=,eL+po3rNnfAmTnzH/so+Nf6o0Ig=
0,35,jvUGgEY75NPwq2bkXlhO0bjKs2Q=,eL+po3rNnfAmTnzH/so+Nf6o0Ig=
0,33,jvUGgEY75NPwq2bkXlhO0bjKs2Q=,eL+po3rNnfAmTnzH/so+Nf6o0Ig=
3,35,jvUGgEY75NPwq2bkXlhO0bjKs2Q=,eL+po3rNnfAmTnzH/so+Nf6o0Ig=
1,34,jvUGgEY75NPwq2bkXlhO0bjKs2Q=,eL+po3rNnfAmTnzH/so+Nf6o0Ig=
2,35,jvUGgEY75NPwq2bkXlhO0bjKs2Q=,eL+po3rNnfAmTnzH/so+Nf6o0Ig=
4,32,jvUGgEY75NPwq2bkXlhO0bjKs2Q=,eL+po3rNnfAmTnzH/so+Nf6o0Ig=
3,32,jvUGgEY75NPwq2bkXlhO0bjKs2Q=,eL+po3rNnfAmTnzH/so+Nf6o0Ig=
0,43,jvUGgEY75NPwq2bkXlhO0bjKs2Q=,/ALux3zRfGH9MkWBtpDFfi/5ESc=
0,45,jvUGgEY75NPwq2bkXlhO0bjKs2Q=,/ALux3zRfGH9MkWBtpDFfi/5ESc=
8,42,jvUGgEY75NPwq2bkXlhO0bjKs2Q=,yU5tl3JwPErL2HkFZ5bj0ysCnCA=
1,35,jvUGgEY75NPwq2bkXlhO0bjKs2Q=,eL+po3rNnfAmTnzH/so+Nf6o0Ig=
4,33,vhQ5vQ6iIfki3zqp71Un+8c9r4M=,eL+po3rNnfAmTnzH/so+Nf6o0Ig=
0,47,vhQ5vQ6iIfki3zqp71Un+8c9r4M=,/ALux3zRfGH9MkWBtpDFfi/5ESc=
1,32,vhQ5vQ6iIfki3zqp71Un+8c9r4M=,eL+po3rNnfAmTnzH/so+Nf6o0Ig=
0,39,vhQ5vQ6iIfki3zqp71Un+8c9r4M=,eL+po3rNnfAmTnzH/so+Nf6o0Ig=
5,33,vhQ5vQ6iIfki3zqp71Un+8c9r4M=,eL+po3rNnfAmTnzH/so+Nf6o0Ig=
6,37,vhQ5vQ6iIfki3zqp71Un+8c9r4M=,eL+po3rNnfAmTnzH/so+Nf6o0Ig=
1,33,vhQ5vQ6iIfki3zqp71Un+8c9r4M=,eL+po3rNnfAmTnzH/so+Nf6o0Ig=
0,46,vhQ5vQ6iIfki3zqp71Un+8c9r4M=,/ALux3zRfGH9MkWBtpDFfi/5ESc=
2,33,vhQ5vQ6iIfki3zqp71Un+8c9r4M=,eL+po3rNnfAmTnzH/so+Nf6o0Ig=
5,32,vhQ5vQ6iIfki3zqp71Un+8c9r4M=,eL+po3rNnfAmTnzH/so+Nf6o0Ig=
0,37,vhQ5vQ6iIfki3zqp71Un+8c9r4M=,eL+po3rNnfAmTnzH/so+Nf6o0Ig=
3,37,vhQ5vQ6iIfki3zqp71Un+8c9r4M=,eL+po3rNnfAmTnzH/so+Nf6o0Ig=
2,37,vhQ5vQ6iIfki3zqp71Un+8c9r4M=,eL+po3rNnfAmTnzH/so+Nf6o0Ig=
3,34,vhQ5vQ6iIfki3zqp71Un+8c9r4M=,eL+po3rNnfAmTnzH/so+Nf6o0Ig=
2,34,vhQ5vQ6iIfki3zqp71Un+8c9r4M=,eL+po3rNnfAmTnzH/so+Nf6o0Ig=
3,33,vhQ5vQ6iIfki3zqp71Un+8c9r4M=,eL+po3rNnfAmTnzH/so+Nf6o0Ig=
0,38,vhQ5vQ6iIfki3zqp71Un+8c9r4M=,eL+po3rNnfAmTnzH/so+Nf6o0Ig=
0,41,vhQ5vQ6iIfki3zqp71Un+8c9r4M=,/ALux3zRfGH9MkWBtpDFfi/5ESc=
3,36,vhQ5vQ6iIfki3zqp71Un+8c9r4M=,eL+po3rNnfAmTnzH/so+Nf6o0Ig=
2,36,vhQ5vQ6iIfki3zqp71Un+8c9r4M=,eL+po3rNnfAmTnzH/so+Nf6o0Ig=
2,38,ZjfURCnWjcvhuVB73wMof5IbWzg=,eL+po3rNnfAmTnzH/so+Nf6o0Ig=
6,38,ZjfURCnWjcvhuVB73wMof5IbWzg=,eL+po3rNnfAmTnzH/so+Nf6o0Ig=
3,38,ZjfURCnWjcvhuVB73wMof5IbWzg=,eL+po3rNnfAmTnzH/so+Nf6o0Ig=
0,36,ZjfURCnWjcvhuVB73wMof5IbWzg=,eL+po3rNnfAmTnzH/so+Nf6o0Ig=
7,39,ZjfURCnWjcvhuVB73wMof5IbWzg=,eL+po3rNnfAmTnzH/so+Nf6o0Ig=
1,36,ZjfURCnWjcvhuVB73wMof5IbWzg=,eL+po3rNnfAmTnzH/so+Nf6o0Ig=
1,37,ZjfURCnWjcvhuVB73wMof5IbWzg=,eL+po3rNnfAmTnzH/so+Nf6o0Ig=
1,42,ZjfURCnWjcvhuVB73wMof5IbWzg=,/ALux3zRfGH9MkWBtpDFfi/5ESc=
1,39,ZjfURCnWjcvhuVB73wMof5IbWzg=,eL+po3rNnfAmTnzH/so+Nf6o0Ig=
1,38,ZjfURCnWjcvhuVB73wMof5IbWzg=,eL+po3rNnfAmTnzH/so+Nf6o0Ig=
2,39,ZjfURCnWjcvhuVB73wMof5IbWzg=,eL+po3rNnfAmTnzH/so+Nf6o0Ig=
3,39,ZjfURCnWjcvhuVB73wMof5IbWzg=,eL+po3rNnfAmTnzH/so+Nf6o0Ig=
8,39,ZjfURCnWjcvhuVB73wMof5IbWzg=,y/bnnteFx+6z+MuRujIQTYuLoVQ=
0,44,ZjfURCnWjcvhuVB73wMof5IbWzg=,/ALux3zRfGH9MkWBtpDFfi/5ESc=
2,42,ZjfURCnWjcvhuVB73wMof5IbWzg=,/ALux3zRfGH9MkWBtpDFfi/5ESc=
0,40,ZjfURCnWjcvhuVB73wMof5IbWzg=,/ALux3zRfGH9MkWBtpDFfi/5ESc=
7,38,ZjfURCnWjcvhuVB73wMof5IbWzg=,eL+po3rNnfAmTnzH/so+Nf6o0Ig=
9,47,ZjfURCnWjcvhuVB73wMof5IbWzg=,yU5tl3JwPErL2HkFZ5bj0ysCnCA=
7,37,ZjfURCnWjcvhuVB73wMof5IbWzg=,eL+po3rNnfAmTnzH/so+Nf6o0Ig=
7,47,ZjfURCnWjcvhuVB73wMof5IbWzg=,/ALux3zRfGH9MkWBtpDFfi/5ESc=
0,42,ZjfURCnWjcvhuVB73wMof5IbWzg=,/ALux3zRfGH9MkWBtpDFfi/5ESc=
4,42,ZjfURCnWjcvhuVB73wMof5IbWzg=,/ALux3zRfGH9MkWBtpDFfi/5ESc=
9,39,ZjfURCnWjcvhuVB73wMof5IbWzg=,y/bnnteFx+6z+MuRujIQTYuLoVQ=
5,42,ZjfURCnWjcvhuVB73wMof5IbWzg=,/ALux3zRfGH9MkWBtpDFfi/5ESc=
6,42,ZjfURCnWjcvhuVB73wMof5IbWzg=,/ALux3zRfGH9MkWBtpDFfi/5ESc=
7,46,ZjfURCnWjcvhuVB73wMof5IbWzg=,/ALux3zRfGH9MkWBtpDFfi/5ESc=
3,42,ZjfURCnWjcvhuVB73wMof5IbWzg=,/ALux3zRfGH9MkWBtpDFfi/5ESc=
6,41,ZjfURCnWjcvhuVB73wMof5IbWzg=,/ALux3zRfGH9MkWBtpDFfi/5ESc=
6,44,ZjfURCnWjcvhuVB73wMof5IbWzg=,/ALux3zRfGH9MkWBtpDFfi/5ESc=
12,38,ZjfURCnWjcvhuVB73wMof5IbWzg=,y/bnnteFx+6z+MuRujIQTYuLoVQ=
1,40,ZjfURCnWjcvhuVB73wMof5IbWzg=,/ALux3zRfGH9MkWBtpDFfi/5ESc=
5,43,ZjfURCnWjcvhuVB73wMof5IbWzg=,/ALux3zRfGH9MkWBtpDFfi/5ESc=
1,43,ZjfURCnWjcvhuVB73wMof5IbWzg=,/ALux3zRfGH9MkWBtpDFfi/5ESc=
10,39,ZjfURCnWjcvhuVB73wMof5IbWzg=,y/bnnteFx+6z+MuRujIQTYuLoVQ=
4,39,ZjfURCnWjcvhuVB73wMof5IbWzg=,eL+po3rNnfAmTnzH/so+Nf6o0Ig=
4,44,ZjfURCnWjcvhuVB73wMof5IbWzg=,/ALux3zRfGH9MkWBtpDFfi/5ESc=
8,40,ZjfURCnWjcvhuVB73wMof5IbWzg=,yU5tl3JwPErL2HkFZ5bj0ysCnCA=
5,41,ZjfURCnWjcvhuVB73wMof5IbWzg=,/ALux3zRfGH9MkWBtpDFfi/5ESc=
6,43,ZjfURCnWjcvhuVB73wMof5IbWzg=,/ALux3zRfGH9MkWBtpDFfi/5ESc=
5,44,ZjfURCnWjcvhuVB73wMof5IbWzg=,/ALux3zRfGH9MkWBtpDFfi/5ESc=
4,43,ZjfURCnWjcvhuVB73wMof5IbWzg=,/ALux3zRfGH9MkWBtpDFfi/5ESc=
5,46,ZjfURCnWjcvhuVB73wMof5IbWzg=,/ALux3zRfGH9MkWBtpDFfi/5ESc=
11,39,ZjfURCnWjcvhuVB73wMof5IbWzg=,y/bnnteFx+6z+MuRujIQTYuLoVQ=
4,45,ZjfURCnWjcvhuVB73wMof5IbWzg=,/ALux3zRfGH9MkWBtpDFfi/5ESc=
15,39,ZjfURCnWjcvhuVB73wMof5IbWzg=,y/bnnteFx+6z+MuRujIQTYuLoVQ=
6,46,ZjfURCnWjcvhuVB73wMof5IbWzg=,/ALux3zRfGH9MkWBtpDFfi/5ESc=
4,41,ZjfURCnWjcvhuVB73wMof5IbWzg=,/ALux3zRfGH9MkWBtpDFfi/5ESc=
14,39,ZjfURCnWjcvhuVB73wMof5IbWzg=,y/bnnteFx+6z+MuRujIQTYuLoVQ=
6,47,ZjfURCnWjcvhuVB73wMof5IbWzg=,/ALux3zRfGH9MkWBtpDFfi/5ESc=
13,39,ZjfURCnWjcvhuVB73wMof5IbWzg=,y/bnnteFx+6z+MuRujIQTYuLoVQ=
4,40,ZjfURCnWjcvhuVB73wMof5IbWzg=,/ALux3zRfGH9MkWBtpDFfi/5ESc=
6,45,ZjfURCnWjcvhuVB73wMof5IbWzg=,/ALux3zRfGH9MkWBtpDFfi/5ESc=
4,37,ZjfURCnWjcvhuVB73wMof5IbWzg=,eL+po3rNnfAmTnzH/so+Nf6o0Ig=
5,45,ZjfURCnWjcvhuVB73wMof5IbWzg=,/ALux3zRfGH9MkWBtpDFfi/5ESc=
12,39,ZjfURCnWjcvhuVB73wMof5IbWzg=,y/bnnteFx+6z+MuRujIQTYuLoVQ=
2,40,ZjfURCnWjcvhuVB73wMof5IbWzg=,/ALux3zRfGH9MkWBtpDFfi/5ESc=
4,38,ZjfURCnWjcvhuVB73wMof5IbWzg=,eL+po3rNnfAmTnzH/so+Nf6o0Ig=
8,47,ZjfURCnWjcvhuVB73wMof5IbWzg=,yU5tl3JwPErL2HkFZ5bj0ysCnCA=
6,40,ZjfURCnWjcvhuVB73wMof5IbWzg=,/ALux3zRfGH9MkWBtpDFfi/5ESc=
5,37,ZjfURCnWjcvhuVB73wMof5IbWzg=,eL+po3rNnfAmTnzH/so+Nf6o0Ig=
5,40,ZjfURCnWjcvhuVB73wMof5IbWzg=,/ALux3zRfGH9MkWBtpDFfi/5ESc=
14,42,ZjfURCnWjcvhuVB73wMof5IbWzg=,yU5tl3JwPErL2HkFZ5bj0ysCnCA=
5,38,ZjfURCnWjcvhuVB73wMof5IbWzg=,eL+po3rNnfAmTnzH/so+Nf6o0Ig=
8,36,ZjfURCnWjcvhuVB73wMof5IbWzg=,y/bnnteFx+6z+MuRujIQTYuLoVQ=
10,47,ZjfURCnWjcvhuVB73wMof5IbWzg=,yU5tl3JwPErL2HkFZ5bj0ysCnCA=
8,37,ZjfURCnWjcvhuVB73wMof5IbWzg=,y/bnnteFx+6z+MuRujIQTYuLoVQ=
12,37,ZjfURCnWjcvhuVB73wMof5IbWzg=,y/bnnteFx+6z+MuRujIQTYuLoVQ=
9,37,ZjfURCnWjcvhuVB73wMof5IbWzg=,y/bnnteFx+6z+MuRujIQTYuLoVQ=
11,37,ZjfURCnWjcvhuVB73wMof5IbWzg=,y/bnnteFx+6z+MuRujIQTYuLoVQ=
12,42,ZjfURCnWjcvhuVB73wMof5IbWzg=,yU5tl3JwPErL2HkFZ5bj0ysCnCA=
13,42,ZjfURCnWjcvhuVB73wMof5IbWzg=,yU5tl3JwPErL2HkFZ5bj0ysCnCA=
10,37,ZjfURCnWjcvhuVB73wMof5IbWzg=,y/bnnteFx+6z+MuRujIQTYuLoVQ=
11,38,ZjfURCnWjcvhuVB73wMof5IbWzg=,y/bnnteFx+6z+MuRujIQTYuLoVQ=
2,45,ZjfURCnWjcvhuVB73wMof5IbWzg=,/ALux3zRfGH9MkWBtpDFfi/5ESc=
10,38,ZjfURCnWjcvhuVB73wMof5IbWzg=,y/bnnteFx+6z+MuRujIQTYuLoVQ=
3,45,ZjfURCnWjcvhuVB73wMof5IbWzg=,/ALux3zRfGH9MkWBtpDFfi/5ESc=
8,38,ZjfURCnWjcvhuVB73wMof5IbWzg=,y/bnnteFx+6z+MuRujIQTYuLoVQ=
9,40,ZjfURCnWjcvhuVB73wMof5IbWzg=,yU5tl3JwPErL2HkFZ5bj0ysCnCA=
9,38,ZjfURCnWjcvhuVB73wMof5IbWzg=,y/bnnteFx+6z+MuRujIQTYuLoVQ=
3,40,ZjfURCnWjcvhuVB73wMof5IbWzg=,/ALux3zRfGH9MkWBtpDFfi/5ESc=
1,44,ZjfURCnWjcvhuVB73wMof5IbWzg=,/ALux3zRfGH9MkWBtpDFfi/5ESc=
2,44,ZjfURCnWjcvhuVB73wMof5IbWzg=,/ALux3zRfGH9MkWBtpDFfi/5ESc=
3,44,ZjfURCnWjcvhuVB73wMof5IbWzg=,/ALux3zRfGH9MkWBtpDFfi/5ESc=
2,41,ZjfURCnWjcvhuVB73wMof5IbWzg=,/ALux3zRfGH9MkWBtpDFfi/5ESc=
3,41,ZjfURCnWjcvhuVB73wMof5IbWzg=,/ALux3zRfGH9MkWBtpDFfi/5ESc=
1,41,ZjfURCnWjcvhuVB73wMof5IbWzg=,/ALux3zRfGH9MkWBtpDFfi/5ESc=
11,47,ZjfURCnWjcvhuVB73wMof5IbWzg=,yU5tl3JwPErL2HkFZ5bj0ysCnCA=
4,36,ZjfURCnWjcvhuVB73wMof5IbWzg=,eL+po3rNnfAmTnzH/so+Nf6o0Ig=
6,36,ZjfURCnWjcvhuVB73wMof5IbWzg=,eL+po3rNnfAmTnzH/so+Nf6o0Ig=
5,36,ZjfURCnWjcvhuVB73wMof5IbWzg=,eL+po3rNnfAmTnzH/so+Nf6o0Ig=
7,36,ZjfURCnWjcvhuVB73wMof5IbWzg=,eL+po3rNnfAmTnzH/so+Nf6o0Ig=
5,39,ZjfURCnWjcvhuVB73wMof5IbWzg=,eL+po3rNnfAmTnzH/so+Nf6o0Ig=
2,43,ZjfURCnWjcvhuVB73wMof5IbWzg=,/ALux3zRfGH9MkWBtpDFfi/5ESc=
12,47,ZjfURCnWjcvhuVB73wMof5IbWzg=,yU5tl3JwPErL2HkFZ5bj0ysCnCA=
3,43,ZjfURCnWjcvhuVB73wMof5IbWzg=,/ALux3zRfGH9MkWBtpDFfi/5ESc=
6,39,ZjfURCnWjcvhuVB73wMof5IbWzg=,eL+po3rNnfAmTnzH/so+Nf6o0Ig=
8,43,ZjfURCnWjcvhuVB73wMof5IbWzg=,yU5tl3JwPErL2HkFZ5bj0ysCnCA=
13,47,ZjfURCnWjcvhuVB73wMof5IbWzg=,yU5tl3JwPErL2HkFZ5bj0ysCnCA=
7,42,ZjfURCnWjcvhuVB73wMof5IbWzg=,/ALux3zRfGH9MkWBtpDFfi/5ESc=
15,42,ZjfURCnWjcvhuVB73wMof5IbWzg=,yU5tl3JwPErL2HkFZ5bj0ysCnCA=
9,43,ZjfURCnWjcvhuVB73wMof5IbWzg=,yU5tl3JwPErL2HkFZ5bj0ysCnCA=
10,43,ZjfURCnWjcvhuVB73wMof5IbWzg=,yU5tl3JwPErL2HkFZ5bj0ysCnCA=
11,43,ZjfURCnWjcvhuVB73wMof5IbWzg=,yU5tl3JwPErL2HkFZ5bj0ysCnCA=
15,43,ZjfURCnWjcvhuVB73wMof5IbWzg=,yU5tl3JwPErL2HkFZ5bj0ysCnCA=
10,40,ZjfURCnWjcvhuVB73wMof5IbWzg=,yU5tl3JwPErL2HkFZ5bj0ysCnCA=
12,43,ZjfURCnWjcvhuVB73wMof5IbWzg=,yU5tl3JwPErL2HkFZ5bj0ysCnCA=
14,43,ZjfURCnWjcvhuVB73wMof5IbWzg=,yU5tl3JwPErL2HkFZ5bj0ysCnCA=
13,43,ZjfURCnWjcvhuVB73wMof5IbWzg=,yU5tl3JwPErL2HkFZ5bj0ysCnCA=
9,44,ZjfURCnWjcvhuVB73wMof5IbWzg=,yU5tl3JwPErL2HkFZ5bj0ysCnCA=
7,44,ZjfURCnWjcvhuVB73wMof5IbWzg=,/ALux3zRfGH9MkWBtpDFfi/5ESc=
15,44,ZjfURCnWjcvhuVB73wMof5IbWzg=,yU5tl3JwPErL2HkFZ5bj0ysCnCA=
7,43,ZjfURCnWjcvhuVB73wMof5IbWzg=,/ALux3zRfGH9MkWBtpDFfi/5ESc=
14,44,ZjfURCnWjcvhuVB73wMof5IbWzg=,yU5tl3JwPErL2HkFZ5bj0ysCnCA=
10,44,ZjfURCnWjcvhuVB73wMof5IbWzg=,yU5tl3JwPErL2HkFZ5bj0ysCnCA=
11,45,ZjfURCnWjcvhuVB73wMof5IbWzg=,yU5tl3JwPErL2HkFZ5bj0ysCnCA=
8,44,ZjfURCnWjcvhuVB73wMof5IbWzg=,yU5tl3JwPErL2HkFZ5bj0ysCnCA=
11,44,ZjfURCnWjcvhuVB73wMof5IbWzg=,yU5tl3JwPErL2HkFZ5bj0ysCnCA=
11,40,ZjfURCnWjcvhuVB73wMof5IbWzg=,yU5tl3JwPErL2HkFZ5bj0ysCnCA=
8,45,ZjfURCnWjcvhuVB73wMof5IbWzg=,yU5tl3JwPErL2HkFZ5bj0ysCnCA=
12,45,ZjfURCnWjcvhuVB73wMof5IbWzg=,yU5tl3JwPErL2HkFZ5bj0ysCnCA=
13,44,ZjfURCnWjcvhuVB73wMof5IbWzg=,yU5tl3JwPErL2HkFZ5bj0ysCnCA=
9,45,ZjfURCnWjcvhuVB73wMof5IbWzg=,yU5tl3JwPErL2HkFZ5bj0ysCnCA=
14,47,ZjfURCnWjcvhuVB73wMof5IbWzg=,yU5tl3JwPErL2HkFZ5bj0ysCnCA=
10,45,ZjfURCnWjcvhuVB73wMof5IbWzg=,yU5tl3JwPErL2HkFZ5bj0ysCnCA=
15,45,ZjfURCnWjcvhuVB73wMof5IbWzg=,yU5tl3JwPErL2HkFZ5bj0ysCnCA=
13,45,ZjfURCnWjcvhuVB73wMof5IbWzg=,yU5tl3JwPErL2HkFZ5bj0ysCnCA=
12,44,ZjfURCnWjcvhuVB73wMof5IbWzg=,yU5tl3JwPErL2HkFZ5bj0ysCnCA=
15,47,ZjfURCnWjcvhuVB73wMof5IbWzg=,yU5tl3JwPErL2HkFZ5bj0ysCnCA=
12,40,ZjfURCnWjcvhuVB73wMof5IbWzg=,yU5tl3JwPErL2HkFZ5bj0ysCnCA=
12,46,ZjfURCnWjcvhuVB73wMof5IbWzg=,yU5tl3JwPErL2HkFZ5bj0ysCnCA=
14,45,ZjfURCnWjcvhuVB73wMof5IbWzg=,yU5tl3JwPErL2HkFZ5bj0ysCnCA=
7,41,ZjfURCnWjcvhuVB73wMof5IbWzg=,/ALux3zRfGH9MkWBtpDFfi/5ESc=
8,46,ZjfURCnWjcvhuVB73wMof5IbWzg=,yU5tl3JwPErL2HkFZ5bj0ysCnCA=
13,40,ZjfURCnWjcvhuVB73wMof5IbWzg=,yU5tl3JwPErL2HkFZ5bj0ysCnCA=
9,46,ZjfURCnWjcvhuVB73wMof5IbWzg=,yU5tl3JwPErL2HkFZ5bj0ysCnCA=
7,45,ZjfURCnWjcvhuVB73wMof5IbWzg=,/ALux3zRfGH9MkWBtpDFfi/5ESc=
13,46,ZjfURCnWjcvhuVB73wMof5IbWzg=,yU5tl3JwPErL2HkFZ5bj0ysCnCA=
14,40,ZjfURCnWjcvhuVB73wMof5IbWzg=,yU5tl3JwPErL2HkFZ5bj0ysCnCA=
11,46,ZjfURCnWjcvhuVB73wMof5IbWzg=,yU5tl3JwPErL2HkFZ5bj0ysCnCA=
10,46,ZjfURCnWjcvhuVB73wMof5IbWzg=,yU5tl3JwPErL2HkFZ5bj0ysCnCA=
15,40,ZjfURCnWjcvhuVB73wMof5IbWzg=,yU5tl3JwPErL2HkFZ5bj0ysCnCA=
14,46,ZjfURCnWjcvhuVB73wMof5IbWzg=,yU5tl3JwPErL2HkFZ5bj0ysCnCA=
8,41,ZjfURCnWjcvhuVB73wMof5IbWzg=,yU5tl3JwPErL2HkFZ5bj0ysCnCA=
15,46,ZjfURCnWjcvhuVB73wMof5IbWzg=,yU5tl3JwPErL2HkFZ5bj0ysCnCA=
14,41,ZjfURCnWjcvhuVB73wMof5IbWzg=,yU5tl3JwPErL2HkFZ5bj0ysCnCA=
13,41,ZjfURCnWjcvhuVB73wMof5IbWzg=,yU5tl3JwPErL2HkFZ5bj0ysCnCA=
11,42,ZjfURCnWjcvhuVB73wMof5IbWzg=,yU5tl3JwPErL2HkFZ5bj0ysCnCA=
9,41,ZjfURCnWjcvhuVB73wMof5IbWzg=,yU5tl3JwPErL2HkFZ5bj0ysCnCA=
12,41,ZjfURCnWjcvhuVB73wMof5IbWzg=,yU5tl3JwPErL2HkFZ5bj0ysCnCA=
10,41,ZjfURCnWjcvhuVB73wMof5IbWzg=,yU5tl3JwPErL2HkFZ5bj0ysCnCA=
15,41,ZjfURCnWjcvhuVB73wMof5IbWzg=,yU5tl3JwPErL2HkFZ5bj0ysCnCA=
9,42,ZjfURCnWjcvhuVB73wMof5IbWzg=,yU5tl3JwPErL2HkFZ5bj0ysCnCA=
11,41,ZjfURCnWjcvhuVB73wMof5IbWzg=,yU5tl3JwPErL2HkFZ5bj0ysCnCA=
7,40,ZjfURCnWjcvhuVB73wMof5IbWzg=,/ALux3zRfGH9MkWBtpDFfi/5ESc=
10,42,ZjfURCnWjcvhuVB73wMof5IbWzg=,yU5tl3JwPErL2HkFZ5bj0ysCnCA=
14,55,ECatUDBh0YYdDNu6l/aPTgPHy74=,JVP2RbYSIyVZZbj/rhEt3rlqONY=
13,55,ECatUDBh0YYdDNu6l/aPTgPHy74=,JVP2RbYSIyVZZbj/rhEt3rlqONY=
9,50,ECatUDBh0YYdDNu6l/aPTgPHy74=,JVP2RbYSIyVZZbj/rhEt3rlqONY=
13,54,ECatUDBh0YYdDNu6l/aPTgPHy74=,JVP2RbYSIyVZZbj/rhEt3rlqONY=
12,54,ECatUDBh0YYdDNu6l/aPTgPHy74=,JVP2RbYSIyVZZbj/rhEt3rlqONY=
9,51,ECatUDBh0YYdDNu6l/aPTgPHy74=,JVP2RbYSIyVZZbj/rhEt3rlqONY=
11,54,ECatUDBh0YYdDNu6l/aPTgPHy74=,JVP2RbYSIyVZZbj/rhEt3rlqONY=
15,49,ECatUDBh0YYdDNu6l/aPTgPHy74=,JVP2RbYSIyVZZbj/rhEt3rlqONY=
10,54,ECatUDBh0YYdDNu6l/aPTgPHy74=,JVP2RbYSIyVZZbj/rhEt3rlqONY=
11,52,ECatUDBh0YYdDNu6l/aPTgPHy74=,JVP2RbYSIyVZZbj/rhEt3rlqONY=
10,52,ECatUDBh0YYdDNu6l/aPTgPHy74=,JVP2RbYSIyVZZbj/rhEt3rlqONY=
12,55,ECatUDBh0YYdDNu6l/aPTgPHy74=,JVP2RbYSIyVZZbj/rhEt3rlqONY=
9,52,ECatUDBh0YYdDNu6l/aPTgPHy74=,JVP2RbYSIyVZZbj/rhEt3rlqONY=
8,52,ECatUDBh0YYdDNu6l/aPTgPHy74=,JVP2RbYSIyVZZbj/rhEt3rlqONY=
15,51,ECatUDBh0YYdDNu6l/aPTgPHy74=,JVP2RbYSIyVZZbj/rhEt3rlqONY=
14,51,ECatUDBh0YYdDNu6l/aPTgPHy74=,JVP2RbYSIyVZZbj/rhEt3rlqONY=
8,51,ECatUDBh0YYdDNu6l/aPTgPHy74=,JVP2RbYSIyVZZbj/rhEt3rlqONY=
9,54,ECatUDBh0YYdDNu6l/aPTgPHy74=,JVP2RbYSIyVZZbj/rhEt3rlqONY=
11,55,ECatUDBh0YYdDNu6l/aPTgPHy74=,JVP2RbYSIyVZZbj/rhEt3rlqONY=
13,51,ECatUDBh0YYdDNu6l/aPTgPHy74=,JVP2RbYSIyVZZbj/rhEt3rlqONY=
10,53,ECatUDBh0YYdDNu6l/aPTgPHy74=,JVP2RbYSIyVZZbj/rhEt3rlqONY=
11,53,ECatUDBh0YYdDNu6l/aPTgPHy74=,JVP2RbYSIyVZZbj/rhEt3rlqONY=
9,53,ECatUDBh0YYdDNu6l/aPTgPHy74=,JVP2RbYSIyVZZbj/rhEt3rlqONY=
8,53,ECatUDBh0YYdDNu6l/aPTgPHy74=,JVP2RbYSIyVZZbj/rhEt3rlqONY=
12,51,ECatUDBh0YYdDNu6l/aPTgPHy74=,JVP2RbYSIyVZZbj/rhEt3rlqONY=
15,52,ECatUDBh0YYdDNu6l/aPTgPHy74=,JVP2RbYSIyVZZbj/rhEt3rlqONY=
8,49,ECatUDBh0YYdDNu6l/aPTgPHy74=,JVP2RbYSIyVZZbj/rhEt3rlqONY=
15,50,ECatUDBh0YYdDNu6l/aPTgPHy74=,JVP2RbYSIyVZZbj/rhEt3rlqONY=
10,55,ECatUDBh0YYdDNu6l/aPTgPHy74=,JVP2RbYSIyVZZbj/rhEt3rlqONY=
8,50,ECatUDBh0YYdDNu6l/aPTgPHy74=,JVP2RbYSIyVZZbj/rhEt3rlqONY=
9,55,ECatUDBh0YYdDNu6l/aPTgPHy74=,JVP2RbYSIyVZZbj/rhEt3rlqONY=
14,50,ECatUDBh0YYdDNu6l/aPTgPHy74=,JVP2RbYSIyVZZbj/rhEt3rlqONY=
13,50,ECatUDBh0YYdDNu6l/aPTgPHy74=,JVP2RbYSIyVZZbj/rhEt3rlqONY=
14,52,ECatUDBh0YYdDNu6l/aPTgPHy74=,JVP2RbYSIyVZZbj/rhEt3rlqONY=
12,50,ECatUDBh0YYdDNu6l/aPTgPHy74=,JVP2RbYSIyVZZbj/rhEt3rlqONY=
11,51,ECatUDBh0YYdDNu6l/aPTgPHy74=,JVP2RbYSIyVZZbj/rhEt3rlqONY=
8,55,ECatUDBh0YYdDNu6l/aPTgPHy74=,JVP2RbYSIyVZZbj/rhEt3rlqONY=
8,54,ECatUDBh0YYdDNu6l/aPTgPHy74=,JVP2RbYSIyVZZbj/rhEt3rlqONY=
10,50,ECatUDBh0YYdDNu6l/aPTgPHy74=,JVP2RbYSIyVZZbj/rhEt3rlqONY=
15,53,ECatUDBh0YYdDNu6l/aPTgPHy74=,JVP2RbYSIyVZZbj/rhEt3rlqONY=
11,50,ECatUDBh0YYdDNu6l/aPTgPHy74=,JVP2RbYSIyVZZbj/rhEt3rlqONY=
13,49,ECatUDBh0YYdDNu6l/aPTgPHy74=,JVP2RbYSIyVZZbj/rhEt3rlqONY=
14,49,ECatUDBh0YYdDNu6l/aPTgPHy74=,JVP2RbYSIyVZZbj/rhEt3rlqONY=
12,52,ECatUDBh0YYdDNu6l/aPTgPHy74=,JVP2RbYSIyVZZbj/rhEt3rlqONY=
13,52,ECatUDBh0YYdDNu6l/aPTgPHy74=,JVP2RbYSIyVZZbj/rhEt3rlqONY=
15,55,ECatUDBh0YYdDNu6l/aPTgPHy74=,JVP2RbYSIyVZZbj/rhEt3rlqONY=
15,54,ECatUDBh0YYdDNu6l/aPTgPHy74=,JVP2RbYSIyVZZbj/rhEt3rlqONY=
14,53,ECatUDBh0YYdDNu6l/aPTgPHy74=,JVP2RbYSIyVZZbj/rhEt3rlqONY=
10,51,ECatUDBh0YYdDNu6l/aPTgPHy74=,JVP2RbYSIyVZZbj/rhEt3rlqONY=
13,53,ECatUDBh0YYdDNu6l/aPTgPHy74=,JVP2RbYSIyVZZbj/rhEt3rlqONY=
12,53,ECatUDBh0YYdDNu6l/aPTgPHy74=,JVP2RbYSIyVZZbj/rhEt3rlqONY=
14,54,ECatUDBh0YYdDNu6l/aPTgPHy74=,JVP2RbYSIyVZZbj/rhEt3rlqONY=
14,48,ECatUDBh0YYdDNu6l/aPTgPHy74=,JVP2RbYSIyVZZbj/rhEt3rlqONY=
9,49,ECatUDBh0YYdDNu6l/aPTgPHy74=,JVP2RbYSIyVZZbj/rhEt3rlqONY=
15,48,ECatUDBh0YYdDNu6l/aPTgPHy74=,JVP2RbYSIyVZZbj/rhEt3rlqONY=
10,49,ECatUDBh0YYdDNu6l/aPTgPHy74=,JVP2RbYSIyVZZbj/rhEt3rlqONY=
13,48,ECatUDBh0YYdDNu6l/aPTgPHy74=,JVP2RbYSIyVZZbj/rhEt3rlqONY=
11,49,ECatUDBh0YYdDNu6l/aPTgPHy74=,JVP2RbYSIyVZZbj/rhEt3rlqONY=
12,49,ECatUDBh0YYdDNu6l/aPTgPHy74=,JVP2RbYSIyVZZbj/rhEt3rlqONY=
12,48,ECatUDBh0YYdDNu6l/aPTgPHy74=,JVP2RbYSIyVZZbj/rhEt3rlqONY=
11,48,ECatUDBh0YYdDNu6l/aPTgPHy74=,JVP2RbYSIyVZZbj/rhEt3rlqONY=
8,48,ECatUDBh0YYdDNu6l/aPTgPHy74=,JVP2RbYSIyVZZbj/rhEt3rlqONY=
10,48,ECatUDBh0YYdDNu6l/aPTgPHy74=,JVP2RbYSIyVZZbj/rhEt3rlqONY=
9,48,ECatUDBh0YYdDNu6l/aPTgPHy74=,JVP2RbYSIyVZZbj/rhEt3rlqONY=
19,37,Mhl9ocRUIsVUxn2MASYvr1rAtl8=,dKUtQGjJ7q2+I5tKOSJYprS+d4c=
21,38,Mhl9ocRUIsVUxn2MASYvr1rAtl8=,dKUtQGjJ7q2+I5tKOSJYprS+d4c=
18,35,Mhl9ocRUIsVUxn2MASYvr1rAtl8=,dKUtQGjJ7q2+I5tKOSJYprS+d4c=
20,36,Mhl9ocRUIsVUxn2MASYvr1rAtl8=,dKUtQGjJ7q2+I5tKOSJYprS+d4c=
19,38,Mhl9ocRUIsVUxn2MASYvr1rAtl8=,dKUtQGjJ7q2+I5tKOSJYprS+d4c=
18,38,Mhl9ocRUIsVUxn2MASYvr1rAtl8=,dKUtQGjJ7q2+I5tKOSJYprS+d4c=
20,38,Mhl9ocRUIsVUxn2MASYvr1rAtl8=,dKUtQGjJ7q2+I5tKOSJYprS+d4c=
17,38,Mhl9ocRUIsVUxn2MASYvr1rAtl8=,dKUtQGjJ7q2+I5tKOSJYprS+d4c=
19,35,Mhl9ocRUIsVUxn2MASYvr1rAtl8=,dKUtQGjJ7q2+I5tKOSJYprS+d4c=
22,37,Mhl9ocRUIsVUxn2MASYvr1rAtl8=,dKUtQGjJ7q2+I5tKOSJYprS+d4c=
17,35,Mhl9ocRUIsVUxn2MASYvr1rAtl8=,dKUtQGjJ7q2+I5tKOSJYprS+d4c=
22,38,Mhl9ocRUIsVUxn2MASYvr1rAtl8=,dKUtQGjJ7q2+I5tKOSJYprS+d4c=
17,34,Mhl9ocRUIsVUxn2MASYvr1rAtl8=,dKUtQGjJ7q2+I5tKOSJYprS+d4c=
21,34,Mhl9ocRUIsVUxn2MASYvr1rAtl8=,dKUtQGjJ7q2+I5tKOSJYprS+d4c=
20,33,Mhl9ocRUIsVUxn2MASYvr1rAtl8=,dKUtQGjJ7q2+I5tKOSJYprS+d4c=
20,34,Mhl9ocRUIsVUxn2MASYvr1rAtl8=,dKUtQGjJ7q2+I5tKOSJYprS+d4c=
18,37,Mhl9ocRUIsVUxn2MASYvr1rAtl8=,dKUtQGjJ7q2+I5tKOSJYprS+d4c=
17,37,Mhl9ocRUIsVUxn2MASYvr1rAtl8=,dKUtQGjJ7q2+I5tKOSJYprS+d4c=
22,34,Mhl9ocRUIsVUxn2MASYvr1rAtl8=,dKUtQGjJ7q2+I5tKOSJYprS+d4c=
17,33,Mhl9ocRUIsVUxn2MASYvr1rAtl8=,dKUtQGjJ7q2+I5tKOSJYprS+d4c=
21,33,Mhl9ocRUIsVUxn2MASYvr1rAtl8=,dKUtQGjJ7q2+I5tKOSJYprS+d4c=
18,36,Mhl9ocRUIsVUxn2MASYvr1rAtl8=,dKUtQGjJ7q2+I5tKOSJYprS+d4c=
17,36,Mhl9ocRUIsVUxn2MASYvr1rAtl8=,dKUtQGjJ7q2+I5tKOSJYprS+d4c=
21,36,Mhl9ocRUIsVUxn2MASYvr1rAtl8=,dKUtQGjJ7q2+I5tKOSJYprS+d4c=
21,37,Mhl9ocRUIsVUxn2MASYvr1rAtl8=,dKUtQGjJ7q2+I5tKOSJYprS+d4c=
19,34,Mhl9ocRUIsVUxn2MASYvr1rAtl8=,dKUtQGjJ7q2+I5tKOSJYprS+d4c=
19,36,Mhl9ocRUIsVUxn2MASYvr1rAtl8=,dKUtQGjJ7q2+I5tKOSJYprS+d4c=
18,34,Mhl9ocRUIsVUxn2MASYvr1rAtl8=,dKUtQGjJ7q2+I5tKOSJYprS+d4c=
22,36,Mhl9ocRUIsVUxn2MASYvr1rAtl8=,dKUtQGjJ7q2+I5tKOSJYprS+d4c=
22,35,Mhl9ocRUIsVUxn2MASYvr1rAtl8=,dKUtQGjJ7q2+I5tKOSJYprS+d4c=
21,35,Mhl9ocRUIsVUxn2MASYvr1rAtl8=,dKUtQGjJ7q2+I5tKOSJYprS+d4c=
20,37,Mhl9ocRUIsVUxn2MASYvr1rAtl8=,dKUtQGjJ7q2+I5tKOSJYprS+d4c=
20,35,Mhl9ocRUIsVUxn2MASYvr1rAtl8=,dKUtQGjJ7q2+I5tKOSJYprS+d4c=
23,38,uI5sMYqJQ/wH0hnVUr6LFktkoWQ=,dKUtQGjJ7q2+I5tKOSJYprS+d4c=
24,35,uI5sMYqJQ/wH0hnVUr6LFktkoWQ=,iPqumG3fathZv3cG63+K0E4zwMo=
23,37,uI5sMYqJQ/wH0hnVUr6LFktkoWQ=,dKUtQGjJ7q2+I5tKOSJYprS+d4c=
31,33,uI5sMYqJQ/wH0hnVUr6LFktkoWQ=,iPqumG3fathZv3cG63+K0E4zwMo=
25,36,uI5sMYqJQ/wH0hnVUr6LFktkoWQ=,iPqumG3fathZv3cG63+K0E4zwMo=
24,36,uI5sMYqJQ/wH0hnVUr6LFktkoWQ=,iPqumG3fathZv3cG63+K0E4zwMo=
23,36,uI5sMYqJQ/wH0hnVUr6LFktkoWQ=,dKUtQGjJ7q2+I5tKOSJYprS+d4c=
30,32,uI5sMYqJQ/wH0hnVUr6LFktkoWQ=,iPqumG3fathZv3cG63+K0E4zwMo=
23,35,uI5sMYqJQ/wH0hnVUr6LFktkoWQ=,dKUtQGjJ7q2+I5tKOSJYprS+d4c=
29,32,uI5sMYqJQ/wH0hnVUr6LFktkoWQ=,iPqumG3fathZv3cG63+K0E4zwMo=
16,36,EuKo09h0sE8NzVCIWn4gm8Emy/k=,dKUtQGjJ7q2+I5tKOSJYprS+d4c=
16,35,EuKo09h0sE8NzVCIWn4gm8Emy/k=,dKUtQGjJ7q2+I5tKOSJYprS+d4c=
16,33,EuKo09h0sE8NzVCIWn4gm8Emy/k=,dKUtQGjJ7q2+I5tKOSJYprS+d4c=
16,38,dUzgioIYVjUvteFWYaHE5gO71Wo=,dKUtQGjJ7q2+I5tKOSJYprS+d4c=
16,34,dUzgioIYVjUvteFWYaHE5gO71Wo=,dKUtQGjJ7q2+I5tKOSJYprS+d4c=
16,37,dUzgioIYVjUvteFWYaHE5gO71Wo=,dKUtQGjJ7q2+I5tKOSJYprS+d4c=
31,32,dUzgioIYVjUvteFWYaHE5gO71Wo=,iPqumG3fathZv3cG63+K0E4zwMo=
28,32,dUzgioIYVjUvteFWYaHE5gO71Wo=,iPqumG3fathZv3cG63+K0E4zwMo=
31,34,dUzgioIYVjUvteFWYaHE5gO71Wo=,iPqumG3fathZv3cG63+K0E4zwMo=
31,35,dUzgioIYVjUvteFWYaHE5gO71Wo=,iPqumG3fathZv3cG63+K0E4zwMo=
30,34,RHEJoCRywZf/EO0hH4qDFwtqtTM=,iPqumG3fathZv3cG63+K0E4zwMo=
30,35,RHEJoCRywZf/EO0hH4qDFwtqtTM=,iPqumG3fathZv3cG63+K0E4zwMo=
29,35,RHEJoCRywZf/EO0hH4qDFwtqtTM=,iPqumG3fathZv3cG63+K0E4zwMo=
28,35,RHEJoCRywZf/EO0hH4qDFwtqtTM=,iPqumG3fathZv3cG63+K0E4zwMo=
30,33,RHEJoCRywZf/EO0hH4qDFwtqtTM=,iPqumG3fathZv3cG63+K0E4zwMo=
29,33,RHEJoCRywZf/EO0hH4qDFwtqtTM=,iPqumG3fathZv3cG63+K0E4zwMo=
28,33,RHEJoCRywZf/EO0hH4qDFwtqtTM=,iPqumG3fathZv3cG63+K0E4zwMo=
22,32,RHEJoCRywZf/EO0hH4qDFwtqtTM=,dKUtQGjJ7q2+I5tKOSJYprS+d4c=
22,33,RHEJoCRywZf/EO0hH4qDFwtqtTM=,dKUtQGjJ7q2+I5tKOSJYprS+d4c=
29,34,RHEJoCRywZf/EO0hH4qDFwtqtTM=,iPqumG3fathZv3cG63+K0E4zwMo=
20,32,RHEJoCRywZf/EO0hH4qDFwtqtTM=,dKUtQGjJ7q2+I5tKOSJYprS+d4c=
28,34,RHEJoCRywZf/EO0hH4qDFwtqtTM=,iPqumG3fathZv3cG63+K0E4zwMo=
21,32,RHEJoCRywZf/EO0hH4qDFwtqtTM=,dKUtQGjJ7q2+I5tKOSJYprS+d4c=
25,35,RHEJoCRywZf/EO0hH4qDFwtqtTM=,iPqumG3fathZv3cG63+K0E4zwMo=
16,32,RHEJoCRywZf/EO0hH4qDFwtqtTM=,dKUtQGjJ7q2+I5tKOSJYprS+d4c=
19,32,RHEJoCRywZf/EO0hH4qDFwtqtTM=,dKUtQGjJ7q2+I5tKOSJYprS+d4c=
18,33,RHEJoCRywZf/EO0hH4qDFwtqtTM=,dKUtQGjJ7q2+I5tKOSJYprS+d4c=
23,32,RHEJoCRywZf/EO0hH4qDFwtqtTM=,dKUtQGjJ7q2+I5tKOSJYprS+d4c=
24,32,RHEJoCRywZf/EO0hH4qDFwtqtTM=,iPqumG3fathZv3cG63+K0E4zwMo=
26,35,o8J9KlBmL2Mu1yDjhb2x+NhUIsg=,iPqumG3fathZv3cG63+K0E4zwMo=
27,35,o8J9KlBmL2Mu1yDjhb2x+NhUIsg=,iPqumG3fathZv3cG63+K0E4zwMo=
19,33,o8J9KlBmL2Mu1yDjhb2x+NhUIsg=,dKUtQGjJ7q2+I5tKOSJYprS+d4c=
23,33,4dWbiWLC3ABsu4uGIqTQ7bn3F5M=,dKUtQGjJ7q2+I5tKOSJYprS+d4c=
23,34,eOiDKr7CHkyZwYpFDRXKX6U/g7g=,dKUtQGjJ7q2+I5tKOSJYprS+d4c=
24,34,eOiDKr7CHkyZwYpFDRXKX6U/g7g=,iPqumG3fathZv3cG63+K0E4zwMo=
18,32,eOiDKr7CHkyZwYpFDRXKX6U/g7g=,dKUtQGjJ7q2+I5tKOSJYprS+d4c=
25,32,Xcd8oq7nWkYBnnrt12W2xDIpAxM=,iPqumG3fathZv3cG63+K0E4zwMo=
17,32,Xcd8oq7nWkYBnnrt12W2xDIpAxM=,dKUtQGjJ7q2+I5tKOSJYprS+d4c=
26,33,Xcd8oq7nWkYBnnrt12W2xDIpAxM=,iPqumG3fathZv3cG63+K0E4zwMo=
26,34,Xcd8oq7nWkYBnnrt12W2xDIpAxM=,iPqumG3fathZv3cG63+K0E4zwMo=
27,34,Xcd8oq7nWkYBnnrt12W2xDIpAxM=,iPqumG3fathZv3cG63+K0E4zwMo=
25,34,Xcd8oq7nWkYBnnrt12W2xDIpAxM=,iPqumG3fathZv3cG63+K0E4zwMo=
25,33,Xcd8oq7nWkYBnnrt12W2xDIpAxM=,iPqumG3fathZv3cG63+K0E4zwMo=
24,33,Xcd8oq7nWkYBnnrt12W2xDIpAxM=,iPqumG3fathZv3cG63+K0E4zwMo=
26,32,Xcd8oq7nWkYBnnrt12W2xDIpAxM=,iPqumG3fathZv3cG63+K0E4zwMo=
27,33,Xcd8oq7nWkYBnnrt12W2xDIpAxM=,iPqumG3fathZv3cG63+K0E4zwMo=
27,32,Xcd8oq7nWkYBnnrt12W2xDIpAxM=,iPqumG3fathZv3cG63+K0E4zwMo=
22,39,Xcd8oq7nWkYBnnrt12W2xDIpAxM=,dKUtQGjJ7q2+I5tKOSJYprS+d4c=
21,39,Xcd8oq7nWkYBnnrt12W2xDIpAxM=,dKUtQGjJ7q2+I5tKOSJYprS+d4c=
22,40,Xcd8oq7nWkYBnnrt12W2xDIpAxM=,4i/DTwhSTwdJqQveQQp5R+yMTH4=
22,47,Xcd8oq7nWkYBnnrt12W2xDIpAxM=,4i/DTwhSTwdJqQveQQp5R+yMTH4=
21,40,Xcd8oq7nWkYBnnrt12W2xDIpAxM=,4i/DTwhSTwdJqQveQQp5R+yMTH4=
20,47,Xcd8oq7nWkYBnnrt12W2xDIpAxM=,4i/DTwhSTwdJqQveQQp5R+yMTH4=
19,39,Xcd8oq7nWkYBnnrt12W2xDIpAxM=,dKUtQGjJ7q2+I5tKOSJYprS+d4c=
19,47,Xcd8oq7nWkYBnnrt12W2xDIpAxM=,4i/DTwhSTwdJqQveQQp5R+yMTH4=
17,46,Xcd8oq7nWkYBnnrt12W2xDIpAxM=,4i/DTwhSTwdJqQveQQp5R+yMTH4=
18,39,Xcd8oq7nWkYBnnrt12W2xDIpAxM=,dKUtQGjJ7q2+I5tKOSJYprS+d4c=
18,46,Xcd8oq7nWkYBnnrt12W2xDIpAxM=,4i/DTwhSTwdJqQveQQp5R+yMTH4=
19,44,Xcd8oq7nWkYBnnrt12W2xDIpAxM=,4i/DTwhSTwdJqQveQQp5R+yMTH4=
18,40,Xcd8oq7nWkYBnnrt12W2xDIpAxM=,4i/DTwhSTwdJqQveQQp5R+yMTH4=
16,40,Xcd8oq7nWkYBnnrt12W2xDIpAxM=,4i/DTwhSTwdJqQveQQp5R+yMTH4=
19,40,7M3wMUuk5xTRnzywTkSETf4saLs=,4i/DTwhSTwdJqQveQQp5R+yMTH4=
17,45,7M3wMUuk5xTRnzywTkSETf4saLs=,4i/DTwhSTwdJqQveQQp5R+yMTH4=
18,44,7M3wMUuk5xTRnzywTkSETf4saLs=,4i/DTwhSTwdJqQveQQp5R+yMTH4=
16,45,7M3wMUuk5xTRnzywTkSETf4saLs=,4i/DTwhSTwdJqQveQQp5R+yMTH4=
17,44,7M3wMUuk5xTRnzywTkSETf4saLs=,4i/DTwhSTwdJqQveQQp5R+yMTH4=
16,46,E4BbbmkC7vxqPMd55U2dzQtpn/k=,4i/DTwhSTwdJqQveQQp5R+yMTH4=
16,42,E4BbbmkC7vxqPMd55U2dzQtpn/k=,4i/DTwhSTwdJqQveQQp5R+yMTH4=
17,40,E4BbbmkC7vxqPMd55U2dzQtpn/k=,4i/DTwhSTwdJqQveQQp5R+yMTH4=
18,45,E4BbbmkC7vxqPMd55U2dzQtpn/k=,4i/DTwhSTwdJqQveQQp5R+yMTH4=
19,45,cBLNH4bEBn40jdcnDgg5JoAmNbc=,4i/DTwhSTwdJqQveQQp5R+yMTH4=
16,39,cBLNH4bEBn40jdcnDgg5JoAmNbc=,dKUtQGjJ7q2+I5tKOSJYprS+d4c=
17,42,cBLNH4bEBn40jdcnDgg5JoAmNbc=,4i/DTwhSTwdJqQveQQp5R+yMTH4=
19,46,cBLNH4bEBn40jdcnDgg5JoAmNbc=,4i/DTwhSTwdJqQveQQp5R+yMTH4=
17,47,cBLNH4bEBn40jdcnDgg5JoAmNbc=,4i/DTwhSTwdJqQveQQp5R+yMTH4=
17,39,cBLNH4bEBn40jdcnDgg5JoAmNbc=,dKUtQGjJ7q2+I5tKOSJYprS+d4c=
16,41,vqcLOePzJ+3JWxJKQAWKh/kYzJs=,4i/DTwhSTwdJqQveQQp5R+yMTH4=
16,44,vqcLOePzJ+3JWxJKQAWKh/kYzJs=,4i/DTwhSTwdJqQveQQp5R+yMTH4=
18,43,vqcLOePzJ+3JWxJKQAWKh/kYzJs=,4i/DTwhSTwdJqQveQQp5R+yMTH4=
17,43,vqcLOePzJ+3JWxJKQAWKh/kYzJs=,4i/DTwhSTwdJqQveQQp5R+yMTH4=
18,42,vqcLOePzJ+3JWxJKQAWKh/kYzJs=,4i/DTwhSTwdJqQveQQp5R+yMTH4=
16,43,PHFmEGJ43QWRcLu7BA3GRif+utE=,4i/DTwhSTwdJqQveQQp5R+yMTH4=
18,47,PHFmEGJ43QWRcLu7BA3GRif+utE=,4i/DTwhSTwdJqQveQQp5R+yMTH4=
19,41,PHFmEGJ43QWRcLu7BA3GRif+utE=,4i/DTwhSTwdJqQveQQp5R+yMTH4=
17,41,PHFmEGJ43QWRcLu7BA3GRif+utE=,4i/DTwhSTwdJqQveQQp5R+yMTH4=
19,43,PHFmEGJ43QWRcLu7BA3GRif+utE=,4i/DTwhSTwdJqQveQQp5R+yMTH4=
16,47,PHFmEGJ43QWRcLu7BA3GRif+utE=,4i/DTwhSTwdJqQveQQp5R+yMTH4=
19,42,PHFmEGJ43QWRcLu7BA3GRif+utE=,4i/DTwhSTwdJqQveQQp5R+yMTH4=
30,46,PHFmEGJ43QWRcLu7BA3GRif+utE=,CmRJ6LDqarAemcDsTDydvd9+iwk=
18,41,PHFmEGJ43QWRcLu7BA3GRif+utE=,4i/DTwhSTwdJqQveQQp5R+yMTH4=
25,47,PHFmEGJ43QWRcLu7BA3GRif+utE=,CmRJ6LDqarAemcDsTDydvd9+iwk=
27,47,PHFmEGJ43QWRcLu7BA3GRif+utE=,CmRJ6LDqarAemcDsTDydvd9+iwk=
26,47,PHFmEGJ43QWRcLu7BA3GRif+utE=,CmRJ6LDqarAemcDsTDydvd9+iwk=
29,47,PHFmEGJ43QWRcLu7BA3GRif+utE=,CmRJ6LDqarAemcDsTDydvd9+iwk=
28,47,PHFmEGJ43QWRcLu7BA3GRif+utE=,CmRJ6LDqarAemcDsTDydvd9+iwk=
29,45,PHFmEGJ43QWRcLu7BA3GRif+utE=,CmRJ6LDqarAemcDsTDydvd9+iwk=
30,38,PHFmEGJ43QWRcLu7BA3GRif+utE=,iPqumG3fathZv3cG63+K0E4zwMo=
30,45,PHFmEGJ43QWRcLu7BA3GRif+utE=,CmRJ6LDqarAemcDsTDydvd9+iwk=
28,45,PHFmEGJ43QWRcLu7BA3GRif+utE=,CmRJ6LDqarAemcDsTDydvd9+iwk=
26,45,PHFmEGJ43QWRcLu7BA3GRif+utE=,CmRJ6LDqarAemcDsTDydvd9+iwk=
26,39,PHFmEGJ43QWRcLu7BA3GRif+utE=,iPqumG3fathZv3cG63+K0E4zwMo=
30,47,PHFmEGJ43QWRcLu7BA3GRif+utE=,CmRJ6LDqarAemcDsTDydvd9+iwk=
28,38,PHFmEGJ43QWRcLu7BA3GRif+utE=,iPqumG3fathZv3cG63+K0E4zwMo=
27,45,PHFmEGJ43QWRcLu7BA3GRif+utE=,CmRJ6LDqarAemcDsTDydvd9+iwk=
23,46,PHFmEGJ43QWRcLu7BA3GRif+utE=,4i/DTwhSTwdJqQveQQp5R+yMTH4=
31,45,PHFmEGJ43QWRcLu7BA3GRif+utE=,CmRJ6LDqarAemcDsTDydvd9+iwk=
24,38,PHFmEGJ43QWRcLu7BA3GRif+utE=,iPqumG3fathZv3cG63+K0E4zwMo=
29,38,PHFmEGJ43QWRcLu7BA3GRif+utE=,iPqumG3fathZv3cG63+K0E4zwMo=
28,41,PHFmEGJ43QWRcLu7BA3GRif+utE=,CmRJ6LDqarAemcDsTDydvd9+iwk=
26,38,PHFmEGJ43QWRcLu7BA3GRif+utE=,iPqumG3fathZv3cG63+K0E4zwMo=
25,38,PHFmEGJ43QWRcLu7BA3GRif+utE=,iPqumG3fathZv3cG63+K0E4zwMo=
31,37,PHFmEGJ43QWRcLu7BA3GRif+utE=,iPqumG3fathZv3cG63+K0E4zwMo=
30,37,PHFmEGJ43QWRcLu7BA3GRif+utE=,iPqumG3fathZv3cG63+K0E4zwMo=
27,38,PHFmEGJ43QWRcLu7BA3GRif+utE=,iPqumG3fathZv3cG63+K0E4zwMo=
24,45,PHFmEGJ43QWRcLu7BA3GRif+utE=,CmRJ6LDqarAemcDsTDydvd9+iwk=
25,45,PHFmEGJ43QWRcLu7BA3GRif+utE=,CmRJ6LDqarAemcDsTDydvd9+iwk=
31,44,PHFmEGJ43QWRcLu7BA3GRif+utE=,CmRJ6LDqarAemcDsTDydvd9+iwk=
30,44,PHFmEGJ43QWRcLu7BA3GRif+utE=,CmRJ6LDqarAemcDsTDydvd9+iwk=
29,37,PHFmEGJ43QWRcLu7BA3GRif+utE=,iPqumG3fathZv3cG63+K0E4zwMo=
27,44,PHFmEGJ43QWRcLu7BA3GRif+utE=,CmRJ6LDqarAemcDsTDydvd9+iwk=
23,42,PHFmEGJ43QWRcLu7BA3GRif+utE=,4i/DTwhSTwdJqQveQQp5R+yMTH4=
27,39,PHFmEGJ43QWRcLu7BA3GRif+utE=,iPqumG3fathZv3cG63+K0E4zwMo=
28,37,PHFmEGJ43QWRcLu7BA3GRif+utE=,iPqumG3fathZv3cG63+K0E4zwMo=
24,44,PHFmEGJ43QWRcLu7BA3GRif+utE=,CmRJ6LDqarAemcDsTDydvd9+iwk=
29,44,PHFmEGJ43QWRcLu7BA3GRif+utE=,CmRJ6LDqarAemcDsTDydvd9+iwk=
25,37,PHFmEGJ43QWRcLu7BA3GRif+utE=,iPqumG3fathZv3cG63+K0E4zwMo=
25,46,PHFmEGJ43QWRcLu7BA3GRif+utE=,CmRJ6LDqarAemcDsTDydvd9+iwk=
24,37,PHFmEGJ43QWRcLu7BA3GRif+utE=,iPqumG3fathZv3cG63+K0E4zwMo=
28,44,PHFmEGJ43QWRcLu7BA3GRif+utE=,CmRJ6LDqarAemcDsTDydvd9+iwk=
24,46,PHFmEGJ43QWRcLu7BA3GRif+utE=,CmRJ6LDqarAemcDsTDydvd9+iwk=
28,39,PHFmEGJ43QWRcLu7BA3GRif+utE=,iPqumG3fathZv3cG63+K0E4zwMo=
31,47,PHFmEGJ43QWRcLu7BA3GRif+utE=,CmRJ6LDqarAemcDsTDydvd9+iwk=
31,43,PHFmEGJ43QWRcLu7BA3GRif+utE=,CmRJ6LDqarAemcDsTDydvd9+iwk=
27,37,PHFmEGJ43QWRcLu7BA3GRif+utE=,iPqumG3fathZv3cG63+K0E4zwMo=
23,45,PHFmEGJ43QWRcLu7BA3GRif+utE=,4i/DTwhSTwdJqQveQQp5R+yMTH4=
23,47,PHFmEGJ43QWRcLu7BA3GRif+utE=,4i/DTwhSTwdJqQveQQp5R+yMTH4=
26,37,PHFmEGJ43QWRcLu7BA3GRif+utE=,iPqumG3fathZv3cG63+K0E4zwMo=
25,44,PHFmEGJ43QWRcLu7BA3GRif+utE=,CmRJ6LDqarAemcDsTDydvd9+iwk=
26,44,PHFmEGJ43QWRcLu7BA3GRif+utE=,CmRJ6LDqarAemcDsTDydvd9+iwk=
30,43,PHFmEGJ43QWRcLu7BA3GRif+utE=,CmRJ6LDqarAemcDsTDydvd9+iwk=
29,41,PHFmEGJ43QWRcLu7BA3GRif+utE=,CmRJ6LDqarAemcDsTDydvd9+iwk=
23,44,PHFmEGJ43QWRcLu7BA3GRif+utE=,4i/DTwhSTwdJqQveQQp5R+yMTH4=
31,36,PHFmEGJ43QWRcLu7BA3GRif+utE=,iPqumG3fathZv3cG63+K0E4zwMo=
29,36,PHFmEGJ43QWRcLu7BA3GRif+utE=,iPqumG3fathZv3cG63+K0E4zwMo=
23,39,PHFmEGJ43QWRcLu7BA3GRif+utE=,dKUtQGjJ7q2+I5tKOSJYprS+d4c=
29,43,PHFmEGJ43QWRcLu7BA3GRif+utE=,CmRJ6LDqarAemcDsTDydvd9+iwk=
25,39,PHFmEGJ43QWRcLu7BA3GRif+utE=,iPqumG3fathZv3cG63+K0E4zwMo=
31,38,PHFmEGJ43QWRcLu7BA3GRif+utE=,iPqumG3fathZv3cG63+K0E4zwMo=
28,43,PHFmEGJ43QWRcLu7BA3GRif+utE=,CmRJ6LDqarAemcDsTDydvd9+iwk=
30,36,PHFmEGJ43QWRcLu7BA3GRif+utE=,iPqumG3fathZv3cG63+K0E4zwMo=
22,41,PHFmEGJ43QWRcLu7BA3GRif+utE=,4i/DTwhSTwdJqQveQQp5R+yMTH4=
26,36,PHFmEGJ43QWRcLu7BA3GRif+utE=,iPqumG3fathZv3cG63+K0E4zwMo=
28,36,PHFmEGJ43QWRcLu7BA3GRif+utE=,iPqumG3fathZv3cG63+K0E4zwMo=
30,41,PHFmEGJ43QWRcLu7BA3GRif+utE=,CmRJ6LDqarAemcDsTDydvd9+iwk=
26,46,PHFmEGJ43QWRcLu7BA3GRif+utE=,CmRJ6LDqarAemcDsTDydvd9+iwk=
27,36,PHFmEGJ43QWRcLu7BA3GRif+utE=,iPqumG3fathZv3cG63+K0E4zwMo=
26,43,PHFmEGJ43QWRcLu7BA3GRif+utE=,CmRJ6LDqarAemcDsTDydvd9+iwk=
25,43,PHFmEGJ43QWRcLu7BA3GRif+utE=,CmRJ6LDqarAemcDsTDydvd9+iwk=
27,43,PHFmEGJ43QWRcLu7BA3GRif+utE=,CmRJ6LDqarAemcDsTDydvd9+iwk=
23,43,PHFmEGJ43QWRcLu7BA3GRif+utE=,4i/DTwhSTwdJqQveQQp5R+yMTH4=
27,41,PHFmEGJ43QWRcLu7BA3GRif+utE=,CmRJ6LDqarAemcDsTDydvd9+iwk=
25,40,PHFmEGJ43QWRcLu7BA3GRif+utE=,CmRJ6LDqarAemcDsTDydvd9+iwk=
24,39,PHFmEGJ43QWRcLu7BA3GRif+utE=,iPqumG3fathZv3cG63+K0E4zwMo=
20,42,PHFmEGJ43QWRcLu7BA3GRif+utE=,4i/DTwhSTwdJqQveQQp5R+yMTH4=
24,40,PHFmEGJ43QWRcLu7BA3GRif+utE=,CmRJ6LDqarAemcDsTDydvd9+iwk=
29,46,PHFmEGJ43QWRcLu7BA3GRif+utE=,CmRJ6LDqarAemcDsTDydvd9+iwk=
27,46,PHFmEGJ43QWRcLu7BA3GRif+utE=,CmRJ6LDqarAemcDsTDydvd9+iwk=
26,41,PHFmEGJ43QWRcLu7BA3GRif+utE=,CmRJ6LDqarAemcDsTDydvd9+iwk=
22,42,PHFmEGJ43QWRcLu7BA3GRif+utE=,4i/DTwhSTwdJqQveQQp5R+yMTH4=
21,42,PHFmEGJ43QWRcLu7BA3GRif+utE=,4i/DTwhSTwdJqQveQQp5R+yMTH4=
25,41,PHFmEGJ43QWRcLu7BA3GRif+utE=,CmRJ6LDqarAemcDsTDydvd9+iwk=
24,47,PHFmEGJ43QWRcLu7BA3GRif+utE=,CmRJ6LDqarAemcDsTDydvd9+iwk=
28,46,PHFmEGJ43QWRcLu7BA3GRif+utE=,CmRJ6LDqarAemcDsTDydvd9+iwk=
24,41,PHFmEGJ43QWRcLu7BA3GRif+utE=,CmRJ6LDqarAemcDsTDydvd9+iwk=
31,40,PHFmEGJ43QWRcLu7BA3GRif+utE=,CmRJ6LDqarAemcDsTDydvd9+iwk=
31,46,PHFmEGJ43QWRcLu7BA3GRif+utE=,CmRJ6LDqarAemcDsTDydvd9+iwk=
26,40,PHFmEGJ43QWRcLu7BA3GRif+utE=,CmRJ6LDqarAemcDsTDydvd9+iwk=
29,40,PHFmEGJ43QWRcLu7BA3GRif+utE=,CmRJ6LDqarAemcDsTDydvd9+iwk=
28,40,PHFmEGJ43QWRcLu7BA3GRif+utE=,CmRJ6LDqarAemcDsTDydvd9+iwk=
30,40,PHFmEGJ43QWRcLu7BA3GRif+utE=,CmRJ6LDqarAemcDsTDydvd9+iwk=
23,40,PHFmEGJ43QWRcLu7BA3GRif+utE=,4i/DTwhSTwdJqQveQQp5R+yMTH4=
27,40,PHFmEGJ43QWRcLu7BA3GRif+utE=,CmRJ6LDqarAemcDsTDydvd9+iwk=
20,40,PHFmEGJ43QWRcLu7BA3GRif+utE=,4i/DTwhSTwdJqQveQQp5R+yMTH4=
20,46,PHFmEGJ43QWRcLu7BA3GRif+utE=,4i/DTwhSTwdJqQveQQp5R+yMTH4=
21,46,PHFmEGJ43QWRcLu7BA3GRif+utE=,4i/DTwhSTwdJqQveQQp5R+yMTH4=
20,39,PHFmEGJ43QWRcLu7BA3GRif+utE=,dKUtQGjJ7q2+I5tKOSJYprS+d4c=
21,47,PHFmEGJ43QWRcLu7BA3GRif+utE=,4i/DTwhSTwdJqQveQQp5R+yMTH4=
23,41,PHFmEGJ43QWRcLu7BA3GRif+utE=,4i/DTwhSTwdJqQveQQp5R+yMTH4=
22,43,PHFmEGJ43QWRcLu7BA3GRif+utE=,4i/DTwhSTwdJqQveQQp5R+yMTH4=
21,41,PHFmEGJ43QWRcLu7BA3GRif+utE=,4i/DTwhSTwdJqQveQQp5R+yMTH4=
20,45,PHFmEGJ43QWRcLu7BA3GRif+utE=,4i/DTwhSTwdJqQveQQp5R+yMTH4=
20,44,PHFmEGJ43QWRcLu7BA3GRif+utE=,4i/DTwhSTwdJqQveQQp5R+yMTH4=
30,39,PHFmEGJ43QWRcLu7BA3GRif+utE=,iPqumG3fathZv3cG63+K0E4zwMo=
21,44,PHFmEGJ43QWRcLu7BA3GRif+utE=,4i/DTwhSTwdJqQveQQp5R+yMTH4=
31,39,PHFmEGJ43QWRcLu7BA3GRif+utE=,iPqumG3fathZv3cG63+K0E4zwMo=
31,41,PHFmEGJ43QWRcLu7BA3GRif+utE=,CmRJ6LDqarAemcDsTDydvd9+iwk=
22,46,PHFmEGJ43QWRcLu7BA3GRif+utE=,4i/DTwhSTwdJqQveQQp5R+yMTH4=
20,41,PHFmEGJ43QWRcLu7BA3GRif+utE=,4i/DTwhSTwdJqQveQQp5R+yMTH4=
20,43,PHFmEGJ43QWRcLu7BA3GRif+utE=,4i/DTwhSTwdJqQveQQp5R+yMTH4=
21,43,PHFmEGJ43QWRcLu7BA3GRif+utE=,4i/DTwhSTwdJqQveQQp5R+yMTH4=
29,39,PHFmEGJ43QWRcLu7BA3GRif+utE=,iPqumG3fathZv3cG63+K0E4zwMo=
24,42,PHFmEGJ43QWRcLu7BA3GRif+utE=,CmRJ6LDqarAemcDsTDydvd9+iwk=
30,42,PHFmEGJ43QWRcLu7BA3GRif+utE=,CmRJ6LDqarAemcDsTDydvd9+iwk=
21,45,PHFmEGJ43QWRcLu7BA3GRif+utE=,4i/DTwhSTwdJqQveQQp5R+yMTH4=
27,42,PHFmEGJ43QWRcLu7BA3GRif+utE=,CmRJ6LDqarAemcDsTDydvd9+iwk=
28,42,PHFmEGJ43QWRcLu7BA3GRif+utE=,CmRJ6LDqarAemcDsTDydvd9+iwk=
22,44,PHFmEGJ43QWRcLu7BA3GRif+utE=,4i/DTwhSTwdJqQveQQp5R+yMTH4=
25,42,PHFmEGJ43QWRcLu7BA3GRif+utE=,CmRJ6LDqarAemcDsTDydvd9+iwk=
22,45,PHFmEGJ43QWRcLu7BA3GRif+utE=,4i/DTwhSTwdJqQveQQp5R+yMTH4=
31,42,PHFmEGJ43QWRcLu7BA3GRif+utE=,CmRJ6LDqarAemcDsTDydvd9+iwk=
29,42,PHFmEGJ43QWRcLu7BA3GRif+utE=,CmRJ6LDqarAemcDsTDydvd9+iwk=
26,42,PHFmEGJ43QWRcLu7BA3GRif+utE=,CmRJ6LDqarAemcDsTDydvd9+iwk=
24,43,PHFmEGJ43QWRcLu7BA3GRif+utE=,CmRJ6LDqarAemcDsTDydvd9+iwk=
